Traveling from,Afghanistan,Albania,Algeria,Andorra,Angola,Antigua and Barbuda,Argentina,Armenia,Australia,Austria,Azerbaijan,Bahamas,Bahrain,Bangladesh,Barbados,Belarus,Belgium,Belize,Benin,Bhutan,Bolivia,Bosnia and Herzegovina,Botswana,Brazil,Brunei,Bulgaria,Burkina Faso,Burundi,Cambodia,Cameroon,Canada,Cape Verde,Central African Republic,Chad,Chile,China,Colombia,Comoros,Congo,DR Congo,Costa Rica,Ivory Coast,Croatia,Cuba,Cyprus,Czech Republic,Denmark,Djibouti,Dominica,Dominican Republic,Ecuador,Egypt,El Salvador,Equatorial Guinea,Eritrea,Estonia,Swaziland,Ethiopia,Fiji,Finland,France,Gabon,Gambia,Georgia,Germany,Ghana,Greece,Grenada,Guatemala,Guinea,Guinea-Bissau,Guyana,Haiti,Honduras,Hong Kong,Hungary,Iceland,India,Indonesia,Iran,Iraq,Ireland,Israel,Italy,Jamaica,Japan,Jordan,Kazakhstan,Kenya,Kiribati,Kosovo,Kuwait,Kyrgyzstan,Laos,Latvia,Lebanon,Lesotho,Liberia,Libya,Liechtenstein,Lithuania,Luxembourg,Macao,Madagascar,Malawi,Malaysia,Maldives,Mali,Malta,Marshall Islands,Mauritania,Mauritius,Mexico,Micronesia,Moldova,Monaco,Mongolia,Montenegro,Morocco,Mozambique,Myanmar,Namibia,Nauru,Nepal,Netherlands,New Zealand,Nicaragua,Niger,Nigeria,North Korea,North Macedonia,Norway,Oman,Pakistan,Palau,Palestine,Panama,Papua New Guinea,Paraguay,Peru,Philippines,Poland,Portugal,Qatar,Romania,Russian Federation,Rwanda,Saint Kitts and Nevis,Saint Lucia,Samoa,San Marino,Sao Tome and Principe,Saudi Arabia,Senegal,Serbia,Seychelles,Sierra Leone,Singapore,Slovakia,Slovenia,Solomon Islands,Somalia,South Africa,South Korea,South Sudan,Spain,Sri Lanka,Saint Vincent and the Grenadines,Sudan,Suriname,Sweden,Switzerland,Syria,Taiwan,Tajikistan,Tanzania,Thailand,Timor-Leste,Togo,Tonga,Trinidad and Tobago,Tunisia,Turkey,Turkmenistan,Tuvalu,Uganda,Ukraine,United Arab Emirates,United Kingdom,United States,Uruguay,Uzbekistan,Vanuatu,Vatican,Venezuela,Viet Nam,Yemen,Zambia,Zimbabwe
Afghanistan,-1,0,0,0,0,5,0,5,0,0,0,0,1,3,5,1,0,0,1,1,0,0,0,0,0,0,0,1,0,0,0,0,0,5,0,0,0,0,0,0,0,0,0,0,0,0,0,0,0,0,0,0,0,0,5,0,0,1,5,0,0,0,0,0,0,0,0,1,0,0,0,0,0,0,0,0,0,0,0,5,0,1,0,0,0,1,0,0,0,0,0,0,0,0,0,0,0,0,0,0,0,0,0,0,5,0,5,0,1,0,0,0,5,0,0,5,0,0,0,1,0,0,5,0,0,0,5,0,5,0,0,0,0,0,0,0,0,5,0,0,0,0,0,0,0,0,0,0,5,3,0,0,0,0,0,0,0,0,0,0,0,0,0,1,0,0,0,5,0,0,0,0,1,0,1,1,0,0,0,0,0,0,1,0,0,0,0,0,5,5,0,0,0,0,5,0,0,5,0
Albania,5,-1,0,0,0,5,0,5,0,0,0,0,1,3,1,1,0,0,1,1,0,0,0,0,0,0,0,1,0,0,0,0,0,5,0,0,0,0,0,0,0,0,0,0,0,0,0,0,0,0,0,0,0,0,5,0,0,1,5,0,0,0,0,0,0,0,0,1,0,0,0,0,0,0,0,0,0,0,0,5,0,1,0,0,0,0,0,0,0,0,0,0,0,0,0,0,0,0,0,0,0,0,0,0,5,0,5,0,1,0,0,0,5,0,0,5,0,0,0,1,0,0,5,0,0,0,5,0,5,0,0,0,0,0,0,0,0,5,0,0,0,0,0,0,0,0,0,0,5,3,0,0,0,0,0,0,0,0,0,0,0,0,0,1,0,0,0,5,0,0,0,0,1,0,1,1,0,0,0,0,0,0,1,0,0,0,0,0,5,5,0,0,0,0,0,0,0,5,0
Algeria,5,0,-1,0,0,5,0,5,0,0,0,0,1,3,5,1,0,0,1,1,0,0,0,0,0,0,0,1,0,0,0,0,0,5,0,0,0,0,0,0,0,0,0,0,0,0,0,0,0,0,0,0,0,0,5,0,0,1,5,0,0,0,0,0,0,0,0,1,0,0,0,0,0,0,0,0,0,0,0,5,0,1,0,0,0,1,0,0,0,0,0,0,0,0,0,0,0,0,0,0,0,0,0,0,5,0,5,0,1,0,0,0,5,0,0,5,0,0,0,1,0,0,5,0,0,0,5,0,5,0,0,0,0,0,0,0,0,5,0,0,0,0,0,0,0,0,0,0,5,3,0,0,0,0,0,0,0,0,0,0,0,0,0,1,0,0,0,5,0,0,0,0,0,0,1,1,0,0,0,0,0,0,0,0,0,0,0,0,5,5,0,0,0,0,5,0,0,5,0
Andorra,5,0,0,-1,0,5,0,5,0,0,0,0,1,3,1,1,0,0,1,1,0,0,0,0,0,0,0,1,0,0,0,0,0,5,0,0,0,0,0,0,0,0,0,0,0,0,0,0,0,0,0,0,0,0,5,0,0,1,5,0,0,0,0,0,0,0,0,1,0,0,0,0,0,0,0,0,0,0,0,5,0,1,0,0,0,0,0,0,0,0,0,0,0,0,0,0,0,0,0,0,0,0,0,0,5,0,5,0,1,0,0,0,5,0,0,5,0,0,0,1,0,0,5,0,0,0,5,0,5,0,0,0,0,0,0,0,0,5,0,0,0,0,0,0,0,0,0,0,5,3,0,0,0,0,0,0,0,0,0,0,0,0,0,1,0,0,0,5,0,0,0,0,1,0,1,1,0,0,0,0,0,0,1,0,0,0,0,0,5,5,0,0,0,0,0,0,0,5,0
Angola,5,0,0,0,-1,5,0,5,0,0,0,0,1,3,5,1,0,0,1,1,0,0,0,0,0,0,0,1,0,0,0,0,0,5,0,0,0,0,0,0,0,0,0,0,0,0,0,0,0,0,0,0,0,0,5,0,0,1,5,0,0,0,0,0,0,0,0,1,0,0,0,0,0,0,0,0,0,0,0,5,0,1,0,0,0,1,0,0,0,0,0,0,0,0,0,0,0,0,0,0,0,0,0,0,5,0,5,0,1,0,0,0,5,0,0,5,0,0,0,1,0,0,5,0,0,0,5,0,5,0,0,0,0,0,0,0,0,5,0,0,0,0,0,0,0,0,0,0,5,3,0,0,0,0,0,0,0,0,0,0,0,0,0,1,0,0,0,5,0,0,0,0,1,0,1,1,0,0,0,0,0,0,0,0,0,0,0,0,5,5,0,0,0,0,5,0,0,5,0
Antigua and Barbuda,5,0,0,0,0,-1,0,5,0,0,0,0,1,3,5,1,0,0,1,1,0,0,0,0,0,0,0,1,0,0,0,0,0,5,0,0,0,0,0,0,0,0,0,0,0,0,0,0,0,0,0,0,0,0,5,0,0,1,5,0,0,0,0,0,0,0,0,1,0,0,0,0,0,0,0,0,0,0,0,5,0,1,0,0,0,1,0,0,0,0,0,0,0,0,0,0,0,0,0,0,0,0,0,0,5,0,5,0,1,0,0,0,5,0,0,5,0,0,0,1,0,0,5,0,0,0,5,0,5,0,0,0,0,0,0,0,0,5,0,0,0,0,0,0,0,0,0,0,5,3,0,0,0,0,0,0,0,0,0,0,0,0,0,1,0,0,0,5,0,0,0,0,1,0,1,1,0,0,0,0,0,0,1,0,0,0,0,0,5,5,0,0,0,0,5,0,0,5,0
Argentina,5,0,0,0,0,5,-1,5,0,0,0,0,1,3,5,1,0,0,1,1,0,0,0,0,0,0,0,1,0,0,0,0,0,5,0,0,0,0,0,0,0,0,0,0,0,0,0,0,0,0,0,0,0,0,5,0,0,1,5,0,0,0,0,0,0,0,0,1,0,0,0,0,0,0,0,0,0,0,0,5,0,1,0,0,0,1,0,0,0,0,0,0,0,0,0,0,0,0,0,0,0,0,0,0,5,0,5,0,1,0,0,0,5,0,0,5,0,0,0,1,0,0,5,0,0,0,5,0,5,0,0,0,0,0,0,0,0,5,0,0,0,0,0,0,0,0,0,0,5,3,0,0,0,0,0,0,0,0,0,0,0,0,0,1,0,0,0,5,0,0,0,0,1,0,1,1,0,0,0,0,0,0,1,0,0,0,0,0,5,5,0,0,0,0,5,0,0,5,0
Armenia,5,0,0,0,0,5,0,-1,0,0,0,0,1,3,5,1,0,0,1,1,0,0,0,0,0,0,0,1,0,0,0,0,0,5,0,0,0,0,0,0,0,0,0,0,0,0,0,0,0,0,0,0,0,0,5,0,0,1,5,0,0,0,0,0,0,0,0,1,0,0,0,0,0,0,0,0,0,0,0,5,0,1,0,0,0,0,0,0,0,0,0,0,0,0,0,0,0,0,0,0,0,0,0,0,5,0,5,0,1,0,0,0,5,0,0,5,0,0,0,1,0,0,5,0,0,0,5,0,5,0,0,0,0,0,0,0,0,5,0,0,0,0,0,0,0,0,0,0,5,3,0,0,0,0,0,0,0,0,0,0,0,0,0,1,0,0,0,5,0,0,0,0,1,0,1,1,0,0,0,0,0,0,1,0,0,0,0,0,5,5,0,0,0,0,5,0,0,5,0
Australia,5,0,0,0,0,5,0,0,-1,0,0,0,1,3,5,1,0,0,1,1,0,0,0,0,0,0,0,1,0,0,0,0,0,5,0,0,0,0,0,0,0,0,0,0,0,0,0,0,0,0,0,0,0,0,5,0,0,1,5,0,0,0,0,0,0,0,0,1,0,0,0,0,0,0,0,0,0,0,0,5,0,1,0,0,0,0,0,0,0,0,0,0,0,0,0,0,0,0,0,0,0,0,0,0,5,0,5,0,1,0,0,0,5,0,0,5,0,0,0,1,0,0,5,0,0,0,5,0,5,0,0,0,0,0,0,0,0,5,0,0,0,0,0,0,0,0,0,0,5,0,0,0,0,0,0,0,0,0,0,0,0,0,0,1,0,0,0,5,0,0,0,0,0,0,1,1,0,0,0,0,0,0,1,0,0,0,0,0,5,5,0,0,0,0,5,0,0,5,0
Austria,5,0,0,0,0,0,0,0,0,-1,0,0,0,0,1,1,0,0,1,1,0,0,0,0,0,5,0,1,0,0,0,0,0,5,0,0,0,0,0,0,0,0,0,0,0,0,0,0,0,0,0,0,0,0,5,0,0,1,0,0,0,0,0,0,0,0,1,0,0,0,0,0,0,0,0,0,5,0,0,5,0,1,0,0,0,0,0,0,0,0,0,0,0,0,0,0,0,0,0,0,0,0,0,0,5,0,5,0,1,0,0,0,5,0,0,5,0,0,0,1,0,0,5,0,5,0,5,0,5,0,0,1,0,0,0,0,0,5,0,0,0,0,0,0,0,0,0,0,5,0,0,0,0,0,0,0,0,0,0,3,0,0,0,1,0,5,0,1,0,0,5,0,1,0,1,1,0,0,0,0,0,0,0,0,0,0,0,0,5,0,0,0,0,0,0,0,0,5,0
Azerbaijan,5,0,0,0,0,5,0,5,0,0,-1,0,1,3,5,1,0,0,1,1,0,0,0,0,0,0,0,1,0,0,0,0,0,5,0,0,0,0,0,0,0,0,0,0,0,0,0,0,0,0,0,0,0,0,5,0,0,1,5,0,0,0,0,0,0,0,0,1,0,0,0,0,0,0,0,0,0,0,0,5,0,1,0,0,0,1,0,0,0,0,0,0,0,0,0,0,0,0,0,0,0,0,0,0,5,0,5,0,1,0,0,0,5,0,0,5,0,0,0,1,0,0,5,0,0,0,5,0,5,0,0,0,0,0,0,0,0,5,0,0,0,0,0,0,0,0,0,0,5,3,0,0,0,0,0,0,0,0,0,0,0,0,0,1,0,0,0,5,0,0,0,0,1,0,1,1,0,0,0,0,0,0,0,0,0,0,0,0,5,5,0,0,0,0,5,0,0,5,0
Bahamas,5,0,0,0,0,5,0,5,0,0,0,-1,1,3,5,1,0,0,1,1,0,0,0,0,0,0,0,1,0,0,0,0,0,5,0,0,0,0,0,0,0,0,0,0,0,0,0,0,0,0,0,0,0,0,5,0,0,1,5,0,0,0,0,0,0,0,0,1,0,0,0,0,0,0,0,0,0,0,0,5,0,1,0,0,0,1,0,0,0,0,0,0,0,0,0,0,0,0,0,0,0,0,0,0,5,0,5,0,1,0,0,0,5,0,0,5,0,0,0,1,0,0,5,0,0,0,5,0,5,0,0,0,0,0,0,0,0,5,0,0,0,0,0,0,0,0,0,0,5,3,0,0,0,0,0,0,0,0,0,0,0,0,0,1,0,0,0,5,0,0,0,0,1,0,1,1,0,0,0,0,0,0,1,0,0,0,0,0,5,5,0,0,0,0,5,0,0,5,0
Bahrain,5,0,0,0,0,5,0,5,0,0,0,0,-1,3,5,1,0,0,1,1,0,0,0,0,0,0,0,1,0,0,0,0,0,5,0,0,0,0,0,0,0,0,0,0,0,0,0,0,0,0,0,0,0,0,5,0,0,1,5,0,0,0,0,0,0,0,0,1,0,0,0,0,0,0,0,0,0,0,0,5,0,1,0,0,0,0,0,0,0,0,0,0,0,0,0,0,0,0,0,0,0,0,0,0,5,0,5,0,1,0,0,0,5,0,0,5,0,0,0,1,0,0,5,0,0,0,5,0,5,0,0,0,0,0,0,0,0,5,0,0,0,0,0,0,0,0,0,0,5,0,0,0,0,0,0,0,0,0,0,0,0,0,0,1,0,0,0,5,0,0,0,0,0,0,1,1,0,0,0,0,0,0,1,0,0,0,0,0,5,5,0,0,0,0,5,0,0,5,0
Bangladesh,5,0,0,0,0,5,0,5,0,0,0,0,1,-1,5,1,0,0,1,1,0,0,0,0,0,0,0,1,0,0,0,0,0,5,0,0,0,0,0,0,0,0,0,0,0,0,0,0,0,0,0,0,0,0,5,0,0,1,5,0,0,0,0,0,0,0,0,1,0,0,0,0,0,0,0,0,0,0,0,5,0,1,0,0,0,1,0,0,0,0,0,0,0,0,0,0,0,0,0,0,0,0,0,0,5,0,0,0,1,0,0,0,5,0,0,5,0,0,0,1,0,0,5,0,0,0,5,0,5,0,0,0,0,0,0,0,0,5,0,0,0,0,0,0,0,0,0,0,5,3,0,0,0,0,0,0,0,0,0,0,0,0,0,1,0,0,0,5,0,0,0,0,1,0,1,1,0,0,0,0,0,0,0,0,0,0,0,0,5,5,0,0,0,0,5,0,0,5,0
Barbados,5,0,0,0,0,5,0,5,0,0,0,0,1,3,-1,1,0,0,1,1,0,0,0,0,0,0,0,1,0,0,0,0,0,5,0,0,0,0,0,0,0,0,0,0,0,0,0,0,0,0,0,0,0,0,5,0,0,1,5,0,0,0,0,0,0,0,0,1,0,0,0,0,0,0,0,0,0,0,0,5,0,1,0,0,0,1,0,0,0,0,0,0,0,0,0,0,0,0,0,0,0,0,0,0,5,0,5,0,1,0,0,0,5,0,0,5,0,0,0,1,0,0,5,0,0,0,5,0,5,0,0,0,0,0,0,0,0,5,0,0,0,0,0,0,0,0,0,0,5,3,0,0,0,0,0,0,0,0,0,0,0,0,0,1,0,0,0,5,0,0,0,0,1,0,1,1,0,0,0,0,0,0,1,0,0,0,0,0,5,5,0,0,0,0,5,0,0,5,0
Belarus,5,0,0,0,0,5,0,5,0,0,0,0,1,3,1,-1,0,0,1,1,0,0,0,0,0,0,0,1,0,0,0,0,0,5,0,0,0,0,0,0,0,0,0,0,0,0,0,0,0,0,0,0,0,0,5,0,0,1,5,0,0,0,0,0,0,0,0,1,0,0,0,0,0,0,0,0,0,0,0,5,0,1,0,0,0,1,0,0,0,0,0,0,0,0,0,0,0,0,0,0,0,0,0,0,5,0,5,0,1,0,0,0,5,0,0,5,0,0,0,1,0,0,5,0,0,0,5,0,5,0,0,0,0,0,0,0,0,5,0,0,0,0,0,0,0,0,0,0,5,3,0,0,0,0,0,0,0,0,0,0,0,0,0,1,0,0,0,5,0,0,0,0,1,0,1,1,0,0,0,0,0,0,1,0,0,0,0,0,5,5,0,0,0,0,0,0,0,5,0
Belgium,5,0,0,0,0,0,0,0,0,3,0,0,0,0,1,1,-1,0,1,1,0,0,0,0,0,5,0,1,0,0,0,0,0,5,0,0,0,0,0,0,0,0,0,0,0,0,0,0,0,0,0,0,0,0,5,0,0,1,0,0,0,0,0,0,0,0,1,0,0,0,0,0,0,0,0,0,5,0,0,5,0,1,0,0,0,0,0,0,0,0,0,0,0,0,0,0,0,0,0,0,0,0,0,0,5,0,5,0,1,0,0,0,5,0,0,5,0,0,0,1,0,0,5,0,5,0,5,0,5,0,0,1,0,0,0,0,0,5,0,0,0,0,0,0,0,0,0,0,5,0,0,0,0,0,0,0,0,0,0,0,0,0,0,1,0,5,0,1,0,0,5,5,0,0,1,1,0,0,0,0,0,0,0,0,0,0,0,0,5,0,0,0,0,0,0,0,0,5,0
Belize,5,0,0,0,0,5,0,5,0,0,0,0,1,3,5,1,0,-1,1,1,0,0,0,0,0,0,0,1,0,0,0,0,0,5,0,0,0,0,0,0,0,0,0,0,0,0,0,0,0,0,0,0,0,0,5,0,0,1,5,0,0,0,0,0,0,0,1,1,0,0,0,0,0,0,0,0,0,0,0,5,0,1,0,0,0,1,0,0,0,0,0,0,0,0,0,0,0,0,0,0,0,0,0,0,5,0,5,0,1,0,0,0,5,0,0,5,0,0,0,1,0,0,5,0,0,0,5,0,5,0,0,0,0,0,0,0,0,5,0,0,0,0,0,0,0,0,0,0,5,3,0,0,0,0,0,0,0,0,0,0,0,0,0,1,0,0,0,5,0,0,0,0,1,0,1,1,0,0,0,0,0,0,1,0,0,0,0,0,5,5,0,0,0,0,5,0,0,5,0
Benin,5,0,0,0,0,5,0,5,0,0,0,0,1,3,5,1,0,0,-1,1,0,0,0,0,0,0,0,1,0,0,0,0,0,5,0,0,0,0,0,0,0,0,0,0,0,0,0,0,0,0,0,0,0,0,5,0,0,1,5,0,0,0,0,0,0,0,0,1,0,0,0,0,0,0,0,0,0,0,0,5,0,1,0,0,0,1,0,0,0,0,0,0,0,0,0,0,0,0,0,0,0,0,0,0,5,0,5,0,1,0,0,0,5,0,0,5,0,0,0,1,0,0,5,0,0,0,5,0,5,0,0,0,0,0,0,0,0,5,0,0,0,0,0,0,0,0,0,0,5,3,0,0,0,0,0,0,0,0,0,0,0,0,0,1,0,0,0,5,0,0,0,0,1,0,1,1,0,0,0,0,0,0,1,0,0,0,0,0,5,5,0,0,0,0,5,0,0,5,0
Bhutan,5,0,0,0,0,5,0,5,0,0,0,0,1,3,5,1,0,0,1,-1,0,0,0,0,0,0,0,1,0,0,0,0,0,5,0,0,0,0,0,0,0,0,0,0,0,0,0,0,0,0,0,0,0,0,5,0,0,1,5,0,0,0,0,0,0,0,0,1,0,0,0,0,0,0,0,0,0,0,0,5,0,1,0,0,0,1,0,0,0,0,0,0,0,0,0,0,0,0,0,0,0,0,0,0,5,0,5,0,1,0,0,0,5,0,0,5,0,0,0,1,0,0,5,0,0,0,5,0,5,0,0,0,0,0,0,0,0,5,0,0,0,0,0,0,0,0,0,0,5,3,0,0,0,0,0,0,0,0,0,0,0,0,0,1,0,0,0,5,0,0,0,0,1,0,1,1,0,0,0,0,0,0,1,0,0,0,0,0,5,5,0,0,0,0,5,0,0,5,0
Bolivia,5,0,0,0,0,5,0,5,0,0,0,0,1,3,5,1,0,0,1,1,-1,0,0,0,0,0,0,1,0,0,0,0,0,5,0,0,0,0,0,0,0,0,0,0,0,0,0,0,0,0,0,0,0,0,5,0,0,1,5,0,0,0,0,0,0,0,0,1,0,0,0,0,0,0,0,0,0,0,0,5,0,1,0,0,0,0,0,0,0,0,0,0,0,0,0,0,0,0,0,0,0,0,0,0,5,0,5,0,1,0,0,0,5,0,0,5,0,0,0,1,0,0,5,0,0,0,5,0,5,0,0,0,0,0,0,0,0,5,0,0,0,0,0,0,0,0,0,0,5,3,0,0,0,0,0,0,0,0,0,0,0,0,0,1,0,0,0,5,0,0,0,0,1,0,1,1,0,0,0,0,0,0,1,0,0,0,0,0,5,5,0,0,0,0,5,0,0,5,0
Bosnia and Herzegovina,5,0,0,0,0,5,0,5,0,0,0,0,1,3,5,1,0,0,1,1,0,-1,0,0,0,0,0,1,0,0,0,0,0,5,0,0,0,0,0,0,0,0,0,0,0,0,0,0,0,0,0,0,0,0,5,0,0,1,5,0,0,0,0,0,0,0,0,1,0,0,0,0,0,0,0,0,0,0,0,5,0,1,0,0,0,0,0,0,0,0,0,0,0,0,0,0,0,0,0,0,0,0,0,0,5,0,5,0,1,0,0,0,5,0,0,5,0,0,0,1,0,0,5,0,0,0,5,0,5,0,0,0,0,0,0,0,0,5,0,0,0,0,0,0,0,0,0,0,5,3,0,0,0,0,0,0,0,0,0,0,0,0,0,1,0,0,0,5,0,0,0,0,1,0,1,1,0,0,0,0,0,0,1,0,0,0,0,0,5,5,0,0,0,0,0,0,0,5,0
Botswana,5,0,0,0,0,5,0,5,0,0,0,0,1,3,5,1,0,0,1,1,0,0,-1,0,0,0,0,1,0,0,0,0,0,5,0,0,0,0,0,0,0,0,0,0,0,0,0,0,0,0,0,0,0,0,5,0,0,1,5,0,0,0,0,0,0,0,0,1,0,0,0,0,0,0,0,0,0,0,0,5,0,1,0,0,0,1,0,0,0,0,0,0,0,0,0,0,0,0,0,0,0,0,0,0,5,0,5,0,1,0,0,0,5,0,0,5,0,0,0,1,0,0,5,0,0,0,5,0,5,0,0,0,0,0,0,0,0,5,0,0,0,0,0,0,0,0,0,0,5,3,0,0,0,0,0,0,0,0,0,0,0,0,0,1,0,0,0,5,0,0,0,0,1,0,1,1,0,0,0,0,0,0,1,0,0,0,0,0,5,5,0,0,0,0,5,0,0,5,0
Brazil,5,0,0,0,0,5,0,5,0,0,0,0,1,3,5,1,0,0,1,1,0,0,0,-1,0,0,0,1,0,0,0,0,0,5,0,0,0,0,0,0,0,0,0,0,0,0,0,0,0,0,0,0,0,0,5,0,0,1,5,0,0,0,0,0,0,0,0,1,0,0,0,0,0,0,0,0,0,0,0,5,0,1,0,0,0,0,0,0,0,0,0,0,0,0,0,0,0,0,0,0,0,0,0,0,5,0,5,0,1,0,0,0,5,0,0,5,0,0,0,1,0,0,5,0,0,0,5,0,5,0,0,0,0,0,0,0,0,5,0,0,0,0,0,0,0,0,0,0,5,3,0,0,0,0,0,0,0,0,0,0,0,0,0,1,0,0,0,5,0,0,0,0,1,0,1,1,0,0,0,0,0,0,1,0,0,0,0,0,5,5,0,0,0,0,5,0,0,5,0
Brunei,5,0,0,0,0,5,0,5,0,0,0,0,1,3,5,1,0,0,1,1,0,0,0,0,-1,0,0,1,0,0,0,0,0,5,0,0,0,0,0,0,0,0,0,0,0,0,0,0,0,0,0,0,0,0,5,0,0,1,5,0,0,0,0,0,0,0,0,1,0,0,0,0,0,0,0,0,0,0,0,5,0,1,0,0,0,0,0,0,0,0,0,0,0,0,0,0,0,0,0,0,0,0,0,0,5,0,5,0,1,0,0,0,5,0,0,5,0,0,0,1,0,0,5,0,0,0,5,0,5,0,0,0,0,0,0,0,0,5,0,0,0,0,0,0,0,0,0,0,5,3,0,0,0,0,0,0,0,0,0,0,0,0,0,1,0,0,0,5,0,0,0,0,1,0,1,1,0,0,0,0,0,0,1,0,0,0,0,0,5,5,0,0,0,0,5,0,0,5,0
Bulgaria,5,0,0,0,0,0,0,0,0,3,0,0,1,0,1,1,0,0,1,1,0,0,0,0,0,5,0,1,0,0,0,0,0,5,0,0,0,0,0,0,0,0,0,0,0,0,0,0,0,0,0,0,0,0,5,0,0,1,0,0,0,0,0,0,0,0,1,0,0,0,0,0,0,0,0,0,0,0,0,5,0,1,0,0,0,0,0,0,0,0,0,0,0,0,0,0,0,0,0,0,0,0,0,0,5,0,5,0,1,0,0,0,5,0,0,5,0,0,0,1,0,0,5,0,0,0,5,0,5,0,0,1,0,0,0,0,0,5,0,0,0,0,0,0,0,0,0,0,5,3,0,0,0,0,0,0,0,0,0,0,0,0,0,1,0,5,0,1,0,0,5,0,1,0,1,1,0,0,0,0,0,0,0,0,0,0,0,0,5,5,0,0,0,0,0,0,0,5,0
Burkina Faso,5,0,0,0,0,5,0,5,0,0,0,0,1,3,5,1,0,0,1,1,0,0,0,0,0,0,-1,1,0,0,0,0,0,5,0,0,0,0,0,0,0,0,0,0,0,0,0,0,0,0,0,0,0,0,5,0,0,1,5,0,0,0,0,0,0,0,0,1,0,0,0,0,0,0,0,0,0,0,0,5,0,1,0,0,0,1,0,0,0,0,0,0,0,0,0,0,0,0,0,0,0,0,0,0,5,0,5,0,1,0,0,0,5,0,0,5,0,0,0,1,0,0,5,0,0,0,5,0,5,0,0,0,0,0,0,0,0,5,0,0,0,0,0,0,0,0,0,0,5,3,0,0,0,0,0,0,0,0,0,0,0,0,0,1,0,0,0,5,0,0,0,0,1,0,1,1,0,0,0,0,0,0,1,0,0,0,0,0,5,5,0,0,0,0,5,0,0,5,0
Burundi,5,0,0,0,0,5,0,5,0,0,0,0,1,3,5,1,0,0,1,1,0,0,0,0,0,0,0,-1,0,0,0,0,0,5,0,0,0,0,0,0,0,0,0,0,0,0,0,0,0,0,0,0,0,0,5,0,0,1,5,0,0,0,0,0,0,0,0,1,0,0,0,0,0,0,0,0,0,0,0,5,0,1,0,0,0,1,0,0,0,0,0,0,0,0,0,0,0,0,0,0,0,0,0,0,5,0,5,0,1,0,0,0,5,0,0,5,0,0,0,1,0,0,5,0,0,0,5,0,5,0,0,0,0,0,0,0,0,5,0,0,0,0,0,0,0,0,0,0,5,3,0,0,0,0,0,0,0,0,0,0,0,0,0,1,0,0,0,5,0,0,0,0,1,0,1,1,0,0,0,0,0,0,1,0,0,0,0,0,5,5,0,0,0,0,5,0,0,5,0
Cambodia,5,0,0,0,0,5,0,5,0,0,0,0,1,3,5,1,0,0,1,1,0,0,0,0,0,0,0,1,-1,0,0,0,0,5,0,0,0,0,0,0,0,0,0,0,0,0,0,0,0,0,0,0,0,0,5,0,0,1,5,0,0,0,0,0,0,0,0,1,0,0,0,0,0,0,0,0,0,0,0,5,0,1,0,0,0,1,0,0,0,0,0,0,0,0,0,0,0,0,0,0,0,0,0,0,5,0,5,0,1,0,0,0,5,0,0,5,0,0,0,1,0,0,5,0,0,0,5,0,5,0,0,0,0,0,0,0,0,5,0,0,0,0,0,0,0,0,0,0,5,3,0,0,0,0,0,0,0,0,0,0,0,0,0,1,0,0,0,5,0,0,0,0,1,0,1,1,0,0,0,0,0,0,1,0,0,0,0,0,5,5,0,0,0,0,5,0,0,5,0
Cameroon,5,0,0,0,0,5,0,5,0,0,0,0,1,3,5,1,0,0,1,1,0,0,0,0,0,0,0,1,0,-1,0,0,0,5,0,0,0,0,0,0,0,0,0,0,0,0,0,0,0,0,0,0,0,0,5,0,0,1,5,0,0,0,0,0,0,0,0,1,0,0,0,0,0,0,0,0,0,0,0,5,0,1,0,0,0,1,0,0,0,0,0,0,0,0,0,0,0,0,0,0,0,0,0,0,5,0,5,0,1,0,0,0,5,0,0,5,0,0,0,1,0,0,5,0,0,0,5,0,5,0,0,0,0,0,0,0,0,5,0,0,0,0,0,0,0,0,0,0,5,3,0,0,0,0,0,0,0,0,0,0,0,0,0,1,0,0,0,5,0,0,0,0,1,0,1,1,0,0,0,0,0,0,0,0,0,0,0,0,5,5,0,0,0,0,5,0,0,5,0
Canada,5,0,0,0,0,0,0,0,0,0,0,0,1,3,5,1,0,0,1,1,0,0,0,0,0,0,0,1,0,0,-1,0,0,5,0,0,0,0,0,0,0,0,0,0,0,0,0,0,0,0,0,0,0,0,5,0,0,1,5,0,0,0,0,0,0,0,0,1,0,0,0,0,0,0,0,0,0,0,0,5,0,1,0,0,0,0,0,0,0,0,0,0,0,0,0,0,0,0,0,0,0,0,0,0,5,0,5,0,1,0,0,0,5,0,0,5,0,0,0,1,0,0,5,0,0,0,5,0,5,0,0,0,0,0,0,0,0,5,0,0,0,0,0,0,0,0,0,0,5,0,0,0,0,0,0,0,0,0,0,0,0,0,0,1,0,0,0,1,0,0,0,0,1,0,1,1,0,0,0,0,0,0,0,0,0,0,0,0,5,5,0,0,0,0,5,0,0,5,0
Cape Verde,5,0,0,0,0,5,0,5,0,0,0,0,1,3,5,1,0,0,1,1,0,0,0,0,0,0,0,1,0,0,0,-1,0,5,0,0,0,0,0,0,0,0,0,0,0,0,0,0,0,0,0,0,0,0,5,0,0,1,5,0,0,0,0,0,0,0,0,1,0,0,0,0,0,0,0,0,0,0,0,5,0,1,0,0,0,1,0,0,0,0,0,0,0,0,0,0,0,0,0,0,0,0,0,0,5,0,5,0,1,0,0,0,5,0,0,5,0,0,0,1,0,0,5,0,0,0,5,0,5,0,0,0,0,0,0,0,0,5,0,0,0,0,0,0,0,0,0,0,5,3,0,0,0,0,0,0,0,0,0,0,0,0,0,1,0,0,0,5,0,0,0,0,1,0,1,1,0,0,0,0,0,0,1,0,0,0,0,0,5,5,0,0,0,0,5,0,0,5,0
Central African Republic,5,0,0,0,0,5,0,5,0,0,0,0,1,3,5,1,0,0,1,1,0,0,0,0,0,0,0,1,0,0,0,0,-1,5,0,0,0,0,0,0,0,0,0,0,0,0,0,0,0,0,0,0,0,0,5,0,0,1,5,0,0,0,0,0,0,0,0,1,0,0,0,0,0,0,0,0,0,0,0,5,0,1,0,0,0,1,0,0,0,0,0,0,0,0,0,0,0,0,0,0,0,0,0,0,5,0,5,0,1,0,0,0,5,0,0,5,0,0,0,1,0,0,5,0,0,0,5,0,5,0,0,0,0,0,0,0,0,5,0,0,0,0,0,0,0,0,0,0,5,3,0,0,0,0,0,0,0,0,0,0,0,0,0,1,0,0,0,5,0,0,0,0,1,0,1,1,0,0,0,0,0,0,1,0,0,0,0,0,5,5,0,0,0,0,5,0,0,5,0
Chad,5,0,0,0,0,5,0,5,0,0,0,0,1,3,5,1,0,0,1,1,0,0,0,0,0,0,0,1,0,0,0,0,0,-1,0,0,0,0,0,0,0,0,0,0,0,0,0,0,0,0,0,0,0,0,5,0,0,1,5,0,0,0,0,0,0,0,0,1,0,0,0,0,0,0,0,0,0,0,0,5,0,1,0,0,0,1,0,0,0,0,0,0,0,0,0,0,0,0,0,0,0,0,0,0,5,0,5,0,1,0,0,0,5,0,0,5,0,0,0,1,0,0,5,0,0,0,5,0,5,0,0,0,0,0,0,0,0,5,0,0,0,0,0,0,0,0,0,0,5,3,0,0,0,0,0,0,0,0,0,0,0,0,0,1,0,0,0,5,0,0,0,0,1,0,1,1,0,0,0,0,0,0,0,0,0,0,0,0,5,5,0,0,0,0,5,0,0,5,0
Chile,5,0,0,0,0,5,0,5,0,0,0,0,1,3,5,1,0,0,1,1,0,0,0,0,0,0,0,1,0,0,0,0,0,5,-1,0,0,0,0,0,0,0,0,0,0,0,0,0,0,0,0,0,0,0,5,0,0,1,5,0,0,0,0,0,0,0,0,1,0,0,0,0,0,0,0,0,0,0,0,5,0,1,0,0,0,0,0,0,0,0,0,0,0,0,0,0,0,0,0,0,0,0,0,0,5,0,5,0,1,0,0,0,5,0,0,5,0,0,0,1,0,0,5,0,0,0,5,0,5,0,0,0,0,0,0,0,0,5,0,0,0,0,0,0,0,0,0,0,5,3,0,0,0,0,0,0,0,0,0,0,0,0,0,1,0,0,0,5,0,0,0,0,1,0,1,1,0,0,0,0,0,0,1,0,0,0,0,0,5,5,0,0,0,0,5,0,0,5,0
China,5,0,0,0,0,0,0,0,0,0,0,0,0,3,1,1,0,0,1,1,0,0,0,0,0,0,0,1,0,0,0,0,0,5,0,-1,0,0,0,0,0,0,0,0,0,0,0,0,0,0,0,0,0,0,1,0,0,1,0,0,0,0,0,0,0,0,0,0,0,0,0,0,0,0,0,0,0,0,0,5,0,1,0,0,0,0,0,0,0,0,0,0,0,0,0,0,0,0,0,0,0,0,5,0,5,0,0,0,1,0,0,0,5,0,0,5,0,0,0,1,0,0,0,0,0,0,5,0,0,0,0,0,0,0,0,0,0,0,0,0,0,0,0,0,0,0,0,0,0,0,0,0,0,0,0,0,0,0,0,0,0,0,0,1,0,0,0,1,0,0,0,0,0,0,1,1,0,0,0,0,0,0,0,0,0,0,0,0,5,0,0,0,0,0,5,0,0,5,0
Colombia,5,0,0,0,0,5,0,5,0,0,0,0,1,3,5,1,0,0,1,1,0,0,0,0,0,0,0,1,0,0,0,0,0,5,0,0,-1,0,0,0,0,0,0,0,0,0,0,0,0,0,0,0,0,0,5,0,0,1,5,0,0,0,0,0,0,0,0,1,0,0,0,0,0,0,0,0,0,0,0,5,0,1,0,0,0,1,0,0,0,0,0,0,0,0,0,0,0,0,0,0,0,0,0,0,5,0,5,0,1,0,0,0,5,0,0,5,0,0,0,1,0,0,5,0,0,0,5,0,5,0,0,0,0,0,0,0,0,5,0,0,0,0,0,0,0,0,0,0,5,3,0,0,0,0,0,0,0,0,0,0,0,0,0,1,0,0,0,5,0,0,0,0,1,0,1,1,0,0,0,0,0,0,0,0,0,0,0,0,5,5,0,0,0,0,0,0,0,5,0
Comoros,5,0,0,0,0,5,0,5,0,0,0,0,1,3,5,1,0,0,1,1,0,0,0,0,0,0,0,1,0,0,0,0,0,5,0,0,0,-1,0,0,0,0,0,0,0,0,0,0,0,0,0,0,0,0,5,0,0,1,5,0,0,0,0,0,0,0,0,1,0,0,0,0,0,0,0,0,0,0,0,5,0,1,0,0,0,1,0,0,0,0,0,0,0,0,0,0,0,0,0,0,0,0,0,0,5,0,5,0,1,0,0,0,5,0,0,5,0,0,0,1,0,0,5,0,0,0,5,0,5,0,0,0,0,0,0,0,0,5,0,0,0,0,0,0,0,0,0,0,5,3,0,0,0,0,0,0,0,0,0,0,0,0,0,1,0,0,0,5,0,0,0,0,1,0,1,1,0,0,0,0,0,0,1,0,0,0,0,0,5,5,0,0,0,0,5,0,0,5,0
Congo,5,0,0,0,0,5,0,5,0,0,0,0,1,3,5,1,0,0,1,1,0,0,0,0,0,0,0,1,0,0,0,0,0,5,0,0,0,0,-1,0,0,0,0,0,0,0,0,0,0,0,0,0,0,0,5,0,0,1,5,0,0,0,0,0,0,0,0,1,0,0,0,0,0,0,0,0,0,0,0,5,0,1,0,0,0,1,0,0,0,0,0,0,0,0,0,0,0,0,0,0,0,0,0,0,5,0,5,0,1,0,0,0,5,0,0,5,0,0,0,1,0,0,5,0,0,0,5,0,5,0,0,0,0,0,0,0,0,5,0,0,0,0,0,0,0,0,0,0,5,3,0,0,0,0,0,0,0,0,0,0,0,0,0,1,0,0,0,5,0,0,0,0,1,0,1,1,0,0,0,0,0,0,1,0,0,0,0,0,5,5,0,0,0,0,5,0,0,5,0
DR Congo,5,0,0,0,0,5,0,5,0,0,0,0,1,3,5,1,0,0,1,1,0,0,0,0,0,0,0,1,0,0,0,0,0,5,0,0,0,0,0,-1,0,0,0,0,0,0,0,0,0,0,0,0,0,0,5,0,0,1,5,0,0,0,0,0,0,0,0,1,0,0,0,0,0,0,0,0,0,0,0,5,0,1,0,0,0,0,0,0,0,0,0,0,0,0,0,0,0,0,0,0,0,0,0,0,5,0,5,0,1,0,0,0,5,0,0,5,0,0,0,1,0,0,5,0,0,0,5,0,5,0,0,0,0,0,0,0,0,5,0,0,0,0,0,0,0,0,0,0,5,3,0,0,0,0,0,0,0,0,0,0,0,0,0,1,0,0,0,5,0,0,0,0,1,0,1,1,0,0,0,0,0,0,1,0,0,0,0,0,5,5,0,0,0,0,5,0,0,5,0
Costa Rica,5,0,0,0,0,5,0,5,0,0,0,0,1,3,5,1,0,0,1,1,0,0,0,0,0,0,0,1,0,0,0,0,0,5,0,0,0,0,0,0,-1,0,0,0,0,0,0,0,0,0,0,0,0,0,5,0,0,1,5,0,0,0,0,0,0,0,0,1,0,0,0,0,0,0,0,0,0,0,0,5,0,1,0,0,0,1,0,0,0,0,0,0,0,0,0,0,0,0,0,0,0,0,0,0,5,0,5,0,1,0,0,0,5,0,0,5,0,0,0,1,0,0,5,0,0,0,5,0,5,0,0,0,0,0,0,0,0,5,0,0,0,0,0,0,0,0,0,0,5,3,0,0,0,0,0,0,0,0,0,0,0,0,0,1,0,0,0,5,0,0,0,0,1,0,1,1,0,0,0,0,0,0,1,0,0,0,0,0,5,5,0,0,0,0,5,0,0,5,0
Ivory Coast,5,0,0,0,0,5,0,5,0,0,0,0,1,3,5,1,0,0,1,1,0,0,0,0,0,0,0,1,0,0,0,0,0,5,0,0,0,0,0,0,0,-1,0,0,0,0,0,0,0,0,0,0,0,0,5,0,0,1,5,0,0,0,0,0,0,0,0,1,0,0,0,0,0,0,0,0,0,0,0,5,0,1,0,0,0,0,0,0,0,0,0,0,0,0,0,0,0,0,0,0,0,0,0,0,5,0,5,0,1,0,0,0,5,0,0,5,0,0,0,1,0,0,5,0,0,0,5,0,5,0,0,0,0,0,0,0,0,5,0,0,0,0,0,0,0,0,0,0,5,3,0,0,0,0,0,0,0,0,0,0,0,0,0,1,0,0,0,5,0,0,0,0,1,0,1,1,0,0,0,0,0,0,0,0,0,0,0,0,5,5,0,0,0,0,5,0,0,5,0
Croatia,5,0,0,0,0,0,0,0,0,3,0,0,1,0,1,1,0,0,1,1,0,0,0,0,0,5,0,1,0,0,0,0,0,5,0,0,0,0,0,0,0,0,-1,0,0,0,0,0,0,0,0,0,0,0,5,0,0,1,0,0,0,0,0,0,0,0,1,0,0,0,0,0,0,0,0,0,0,0,0,5,0,1,0,0,0,0,0,0,0,0,0,0,0,0,0,0,0,0,0,0,0,0,0,0,5,0,5,0,1,0,0,0,5,0,0,5,0,0,0,1,0,0,5,0,0,0,5,0,5,0,0,0,0,0,0,0,0,5,0,0,0,0,0,0,0,0,0,0,5,3,0,0,0,0,0,0,0,0,0,3,0,0,0,1,0,5,0,1,0,0,5,0,1,0,1,1,0,0,0,0,0,0,1,0,0,0,0,0,5,5,0,0,0,0,0,0,0,5,0
Cuba,5,0,0,0,0,5,0,5,0,0,0,0,1,3,5,1,0,0,1,1,0,0,0,0,0,0,0,1,0,0,0,0,0,5,0,0,0,0,0,0,0,0,0,-1,0,0,0,0,0,0,0,0,0,0,5,0,0,1,5,0,0,0,0,0,0,0,0,1,0,0,0,0,0,0,0,0,0,0,0,5,0,1,0,0,0,1,0,0,0,0,0,0,0,0,0,0,0,0,0,0,0,0,0,0,5,0,5,0,1,0,0,0,5,0,0,5,0,0,0,1,0,0,5,0,0,0,5,0,5,0,0,0,0,0,0,0,0,5,0,0,0,0,0,0,0,0,0,0,5,3,0,0,0,0,0,0,0,0,0,0,0,0,0,1,0,0,0,5,0,0,0,0,1,0,1,1,0,0,0,0,0,0,1,0,0,0,0,0,5,5,0,0,0,0,5,0,0,5,0
Cyprus,5,0,0,0,0,0,0,0,0,3,0,0,1,0,1,1,0,0,1,1,0,0,0,0,0,5,0,1,0,0,0,0,0,5,0,0,0,0,0,0,0,0,0,0,-1,0,0,0,0,0,0,0,0,0,5,0,0,1,0,0,0,0,0,0,0,0,1,0,0,0,0,0,0,0,0,0,0,0,0,5,0,1,0,0,0,0,0,0,0,0,0,0,0,0,0,0,0,0,0,0,0,0,0,0,5,0,5,0,1,0,0,0,5,0,0,5,0,0,0,1,0,0,5,0,0,0,5,0,5,0,0,1,0,0,0,0,0,5,0,0,0,0,0,0,0,0,0,0,5,3,0,0,0,0,0,0,0,0,0,0,0,0,0,1,0,5,0,1,0,0,5,0,1,0,1,1,0,0,0,0,0,0,1,0,0,0,0,0,5,5,0,0,0,0,0,0,0,5,0
Czech Republic,5,0,0,0,0,0,0,0,0,3,0,0,0,0,1,1,0,0,1,1,0,0,0,0,0,5,0,1,0,0,0,0,0,5,0,0,0,0,0,0,0,0,0,0,0,-1,0,0,0,0,0,0,0,0,5,0,0,1,0,0,0,0,0,0,0,0,1,0,0,0,0,0,0,0,0,0,5,0,0,5,0,1,0,0,0,0,0,0,0,0,0,0,0,0,0,0,0,0,0,0,0,0,0,0,5,0,5,0,1,0,0,0,5,0,0,5,0,0,0,1,0,0,5,0,5,0,5,0,5,0,0,1,0,0,0,0,0,5,0,0,0,0,0,0,0,0,0,0,5,0,0,0,0,0,0,0,0,0,0,0,0,0,0,1,0,5,0,1,0,0,5,5,1,0,1,1,0,0,0,0,0,0,0,0,0,0,0,0,5,0,0,0,0,0,0,0,0,5,0
Denmark,5,0,0,0,0,0,0,0,0,3,0,0,0,0,1,1,0,0,1,1,0,0,0,0,0,5,0,1,0,0,0,0,0,5,0,0,0,0,0,0,0,0,0,0,0,0,-1,0,0,0,0,0,0,0,5,0,0,1,0,0,0,0,0,0,0,0,1,0,0,0,0,0,0,0,0,0,5,0,0,5,0,1,0,0,0,0,0,0,0,0,0,0,0,0,0,0,0,0,0,0,0,0,0,0,5,0,5,0,1,0,0,0,5,0,0,5,0,0,0,1,0,0,5,0,5,0,5,0,5,0,0,1,0,0,0,0,0,5,0,0,0,0,0,0,0,0,0,0,5,0,0,0,0,0,0,0,0,0,0,0,0,0,0,1,0,5,0,1,0,0,5,5,0,0,1,1,0,0,0,0,0,0,0,0,0,0,0,0,5,0,0,0,0,0,0,0,0,5,0
Djibouti,5,0,0,0,0,5,0,5,0,0,0,0,1,3,5,1,0,0,1,1,0,0,0,0,0,0,0,1,0,0,0,0,0,5,0,0,0,0,0,0,0,0,0,0,0,0,0,-1,0,0,0,0,0,0,5,0,0,1,5,0,0,0,0,0,0,0,0,1,0,0,0,0,0,0,0,0,0,0,0,5,0,1,0,0,0,1,0,0,0,0,0,0,0,0,0,0,0,0,0,0,0,0,0,0,5,0,5,0,1,0,0,0,5,0,0,5,0,0,0,1,0,0,5,0,0,0,5,0,5,0,0,0,0,0,0,0,0,5,0,0,0,0,0,0,0,0,0,0,5,3,0,0,0,0,0,0,0,0,0,0,0,0,0,1,0,0,0,5,0,0,0,0,1,0,1,1,0,0,0,0,0,0,0,0,0,0,0,0,5,5,0,0,0,0,5,0,0,5,0
Dominica,5,0,0,0,0,5,0,5,0,0,0,0,1,3,5,1,0,0,1,1,0,0,0,0,0,0,0,1,0,0,0,0,0,5,0,0,0,0,0,0,0,0,0,0,0,0,0,0,-1,0,0,0,0,0,5,0,0,1,5,0,0,0,0,0,0,0,0,1,0,0,0,0,0,0,0,0,0,0,0,5,0,1,0,0,0,0,0,0,0,0,0,0,0,0,0,0,0,0,0,0,0,0,0,0,5,0,5,0,1,0,0,0,5,0,0,5,0,0,0,1,0,0,5,0,0,0,5,0,5,0,0,0,0,0,0,0,0,5,0,0,0,0,0,0,0,0,0,0,5,3,0,0,0,0,0,0,0,0,0,0,0,0,0,1,0,0,0,5,0,0,0,0,1,0,1,1,0,0,0,0,0,0,0,0,0,0,0,0,5,5,0,0,0,0,5,0,0,5,0
Dominican Republic,5,0,0,0,0,5,0,5,0,0,0,0,1,3,5,1,0,0,1,1,0,0,0,0,0,0,0,1,0,0,0,0,0,5,0,0,0,0,0,0,0,0,0,0,0,0,0,0,0,-1,0,0,0,0,5,0,0,1,5,0,0,0,0,0,0,0,0,1,0,0,0,0,0,0,0,0,0,0,0,5,0,1,0,0,0,1,0,0,0,0,0,0,0,0,0,0,0,0,0,0,0,0,0,0,5,0,5,0,1,0,0,0,5,0,0,5,0,0,0,1,0,0,5,0,0,0,5,0,5,0,0,0,0,0,0,0,0,5,0,0,0,0,0,0,0,0,0,0,5,3,0,0,0,0,0,0,0,0,0,0,0,0,0,1,0,0,0,5,0,0,0,0,1,0,1,1,0,0,0,0,0,0,1,0,0,0,0,0,5,5,0,0,0,0,0,0,0,5,0
Ecuador,5,0,0,0,0,5,0,5,0,0,0,0,1,3,5,1,0,0,1,1,0,0,0,0,0,0,0,1,0,0,0,0,0,5,0,0,0,0,0,0,0,0,0,0,0,0,0,0,0,0,-1,0,0,0,5,0,0,1,5,0,0,0,0,0,0,0,0,1,0,0,0,0,0,0,0,0,0,0,0,5,0,1,0,0,0,0,0,0,0,0,0,0,0,0,0,0,0,0,0,0,0,0,0,0,5,0,5,0,1,0,0,0,5,0,0,5,0,0,0,1,0,0,5,0,0,0,5,0,5,0,0,0,0,0,0,0,0,5,0,0,0,0,0,0,0,0,0,0,5,3,0,0,0,0,0,0,0,0,0,0,0,0,0,1,0,0,0,5,0,0,0,0,1,0,1,1,0,0,0,0,0,0,0,0,0,0,0,0,5,5,0,0,0,0,5,0,0,5,0
Egypt,5,0,0,0,0,5,0,5,0,0,0,0,1,3,5,1,0,0,1,1,0,0,0,0,0,0,0,1,0,0,0,0,0,5,0,0,0,0,0,0,0,0,0,0,0,0,0,0,0,0,0,-1,0,0,5,0,0,1,5,0,0,0,0,0,0,0,0,1,0,0,0,0,0,0,0,0,0,0,0,5,0,1,0,0,0,0,0,0,0,0,0,0,0,0,0,0,0,0,0,0,0,0,0,0,5,0,5,0,1,0,0,0,5,0,0,5,0,0,0,1,0,0,5,0,0,0,5,0,5,0,0,0,0,0,0,0,0,5,0,0,0,0,0,0,0,0,0,0,5,3,0,0,0,0,0,0,0,0,0,0,0,0,0,1,0,0,0,5,0,0,0,0,0,0,1,1,0,0,0,0,0,0,0,0,0,0,0,0,5,5,0,0,0,0,5,0,0,5,0
El Salvador,5,0,0,0,0,5,0,5,0,0,0,0,1,3,5,1,0,0,1,1,0,0,0,0,0,0,0,1,0,0,0,0,0,5,0,0,0,0,0,0,0,0,0,0,0,0,0,0,0,0,0,0,-1,0,5,0,0,1,5,0,0,0,0,0,0,0,0,1,0,0,0,0,0,0,0,0,0,0,0,5,0,1,0,0,0,1,0,0,0,0,0,0,0,0,0,0,0,0,0,0,0,0,0,0,5,0,5,0,1,0,0,0,5,0,0,5,0,0,0,1,0,0,5,0,0,0,5,0,5,0,0,0,0,0,0,0,0,5,0,0,0,0,0,0,0,0,0,0,5,3,0,0,0,0,0,0,0,0,0,0,0,0,0,1,0,0,0,5,0,0,0,0,1,0,1,1,0,0,0,0,0,0,1,0,0,0,0,0,5,5,0,0,0,0,5,0,0,5,0
Equatorial Guinea,5,0,0,0,0,5,0,5,0,0,0,0,1,3,5,1,0,0,1,1,0,0,0,0,0,0,0,1,0,0,0,0,0,5,0,0,0,0,0,0,0,0,0,0,0,0,0,0,0,0,0,0,0,-1,5,0,0,1,5,0,0,0,0,0,0,0,0,1,0,0,0,0,0,0,0,0,0,0,0,5,0,1,0,0,0,1,0,0,0,0,0,0,0,0,0,0,0,0,0,0,0,0,0,0,5,0,5,0,1,0,0,0,5,0,0,5,0,0,0,1,0,0,5,0,0,0,5,0,5,0,0,0,0,0,0,0,0,5,0,0,0,0,0,0,0,0,0,0,5,3,0,0,0,0,0,0,0,0,0,0,0,0,0,1,0,0,0,5,0,0,0,0,1,0,1,1,0,0,0,0,0,0,0,0,0,0,0,0,5,5,0,0,0,0,5,0,0,5,0
Eritrea,5,0,0,0,0,5,0,5,0,0,0,0,1,3,5,1,0,0,1,1,0,0,0,0,0,0,0,1,0,0,0,0,0,5,0,0,0,0,0,0,0,0,0,0,0,0,0,0,0,0,0,0,0,0,-1,0,0,1,5,0,0,0,0,0,0,0,0,1,0,0,0,0,0,0,0,0,0,0,0,5,0,1,0,0,0,1,0,0,0,0,0,0,0,0,0,0,0,0,0,0,0,0,0,0,5,0,5,0,1,0,0,0,5,0,0,5,0,0,0,1,0,0,5,0,0,0,5,0,5,0,0,0,0,0,0,0,0,5,0,0,0,0,0,0,0,0,0,0,5,3,0,0,0,0,0,0,0,0,0,0,0,0,0,1,0,0,0,5,0,0,0,0,1,0,1,1,0,0,0,0,0,0,1,0,0,0,0,0,5,5,0,0,0,0,5,0,0,5,0
Estonia,5,0,0,0,0,0,0,0,0,3,0,0,0,0,1,1,0,0,1,1,0,0,0,0,0,5,0,1,0,0,0,0,0,5,0,0,0,0,0,0,0,0,0,0,0,0,0,0,0,0,0,0,0,0,5,-1,0,1,0,0,0,0,0,0,0,0,1,0,0,0,0,0,0,0,0,0,5,0,0,5,0,1,0,0,0,0,0,0,0,0,0,0,0,0,0,0,0,0,0,0,0,0,0,0,5,0,5,0,1,0,0,0,5,0,0,5,0,0,0,1,0,0,5,0,5,0,5,0,5,0,0,1,0,0,0,0,0,5,0,0,0,0,0,0,0,0,0,0,5,3,0,0,0,0,0,0,0,0,0,0,0,0,0,1,0,5,0,1,0,0,5,5,1,0,1,1,0,0,0,0,0,0,1,0,0,0,0,0,5,0,0,0,0,0,0,0,0,5,0
Swaziland,5,0,0,0,0,5,0,5,0,0,0,0,1,3,5,1,0,0,1,1,0,0,0,0,0,0,0,1,0,0,0,0,0,5,0,0,0,0,0,0,0,0,0,0,0,0,0,0,0,0,0,0,0,0,5,0,-1,1,5,0,0,0,0,0,0,0,0,1,0,0,0,0,0,0,0,0,0,0,0,5,0,1,0,0,0,1,0,0,0,0,0,0,0,0,0,0,0,0,0,0,0,0,0,0,5,0,5,0,1,0,0,0,5,0,0,5,0,0,0,1,0,0,5,0,0,0,5,0,5,0,0,0,0,0,0,0,0,5,0,0,0,0,0,0,0,0,0,0,5,3,0,0,0,0,0,0,0,0,0,0,0,0,0,1,0,0,0,5,0,0,0,0,1,0,1,1,0,0,0,0,0,0,1,0,0,0,0,0,5,5,0,0,0,0,5,0,0,5,0
Ethiopia,5,0,0,0,0,5,0,5,0,0,0,0,1,3,5,1,0,0,1,1,0,0,0,0,0,0,0,1,0,0,0,0,0,5,0,0,0,0,0,0,0,0,0,0,0,0,0,0,0,0,0,0,0,0,5,0,0,-1,5,0,0,0,0,0,0,0,0,1,0,0,0,0,0,0,0,0,0,0,0,5,0,1,0,0,0,1,0,0,0,0,0,0,0,0,0,0,0,0,0,0,0,0,0,0,5,0,5,0,1,0,0,0,5,0,0,5,0,0,0,1,0,0,5,0,0,0,5,0,5,0,0,0,0,0,0,0,0,5,0,0,0,0,0,0,0,0,0,0,5,3,0,0,0,0,0,0,0,0,0,0,0,0,0,1,0,0,0,5,0,0,0,0,1,0,1,1,0,0,0,0,0,0,1,0,0,0,0,0,5,5,0,0,0,0,5,0,0,5,0
Fiji,5,0,0,0,0,5,0,5,0,0,0,0,1,3,5,1,0,0,1,1,0,0,0,0,0,0,0,1,0,0,0,0,0,5,0,0,0,0,0,0,0,0,0,0,0,0,0,0,0,0,0,0,0,0,5,0,0,1,-1,0,0,0,0,0,0,0,0,1,0,0,0,0,0,0,0,0,0,0,0,5,0,1,0,0,0,1,0,0,0,0,0,0,0,0,0,0,0,0,0,0,0,0,0,0,5,0,5,0,1,0,0,0,5,0,0,5,0,0,0,1,0,0,5,0,0,0,5,0,5,0,0,0,0,0,0,0,0,5,0,0,0,0,0,0,0,0,0,0,5,3,0,0,0,0,0,0,0,0,0,0,0,0,0,1,0,0,0,5,0,0,0,0,1,0,1,1,0,0,0,0,0,0,1,0,0,0,0,0,5,5,0,0,0,0,5,0,0,5,0
Finland,5,0,0,0,0,0,0,0,0,3,0,0,0,0,1,1,0,0,1,1,0,0,0,0,0,5,0,1,0,0,0,0,0,5,0,0,0,0,0,0,0,0,0,0,0,0,0,0,0,0,0,0,0,0,5,0,0,1,0,-1,0,0,0,0,0,0,1,0,0,0,0,0,0,0,0,0,5,0,0,5,0,1,0,0,0,0,0,0,0,0,0,0,0,0,0,0,0,0,0,0,0,0,0,0,5,0,5,0,1,0,0,0,5,0,0,5,0,0,0,1,0,0,5,0,5,0,5,0,5,0,0,1,0,0,0,0,0,5,0,0,0,0,0,0,0,0,0,0,5,3,0,0,0,0,0,0,0,0,0,0,0,0,0,1,0,5,0,5,0,0,5,5,1,0,1,1,0,0,0,0,0,0,0,0,0,0,0,0,5,0,0,0,0,0,0,0,0,5,0
France,5,0,0,0,0,0,0,0,0,0,0,0,0,0,1,1,0,0,1,1,0,0,0,0,0,0,0,1,0,0,0,0,0,5,0,0,0,0,0,0,0,0,0,0,0,0,0,0,0,0,0,0,0,0,5,0,0,1,0,0,-1,0,0,0,0,0,1,0,0,0,0,0,0,0,0,0,0,0,0,5,0,0,0,0,0,0,0,0,0,0,0,0,0,0,0,0,0,0,0,0,0,0,0,0,5,0,0,0,1,0,0,0,0,0,0,5,0,0,0,1,0,0,5,0,0,0,5,0,0,0,0,0,0,0,0,0,0,5,0,0,0,0,0,0,0,0,0,0,0,0,0,0,0,0,0,0,0,0,0,0,0,0,0,1,0,5,0,5,0,0,5,0,0,0,1,1,0,0,0,0,0,0,0,0,0,0,0,0,5,0,0,0,0,0,0,0,0,5,0
Gabon,5,0,0,0,0,5,0,5,0,0,0,0,1,3,5,1,0,0,1,1,0,0,0,0,0,0,0,1,0,0,0,0,0,5,0,0,0,0,0,0,0,0,0,0,0,0,0,0,0,0,0,0,0,0,5,0,0,1,5,0,0,-1,0,0,0,0,0,1,0,0,0,0,0,0,0,0,0,0,0,5,0,1,0,0,0,1,0,0,0,0,0,0,0,0,0,0,0,0,0,0,0,0,0,0,5,0,5,0,1,0,0,0,5,0,0,5,0,0,0,1,0,0,5,0,0,0,5,0,5,0,0,0,0,0,0,0,0,5,0,0,0,0,0,0,0,0,0,0,5,3,0,0,0,0,0,0,0,0,0,0,0,0,0,1,0,0,0,5,0,0,0,0,1,0,1,1,0,0,0,0,0,0,1,0,0,0,0,0,5,5,0,0,0,0,5,0,0,5,0
Gambia,5,0,0,0,0,5,0,5,0,0,0,0,1,3,5,1,0,0,1,1,0,0,0,0,0,0,0,1,0,0,0,0,0,5,0,0,0,0,0,0,0,0,0,0,0,0,0,0,0,0,0,0,0,0,5,0,0,1,5,0,0,0,-1,0,0,0,0,1,0,0,0,0,0,0,0,0,0,0,0,5,0,1,0,0,0,1,0,0,0,0,0,0,0,0,0,0,0,0,0,0,0,0,0,0,5,0,5,0,1,0,0,0,5,0,0,5,0,0,0,1,0,0,5,0,0,0,5,0,5,0,0,0,0,0,0,0,0,5,0,0,0,0,0,0,0,0,0,0,5,3,0,0,0,0,0,0,0,0,0,0,0,0,0,1,0,0,0,5,0,0,0,0,1,0,1,1,0,0,0,0,0,0,1,0,0,0,0,0,5,5,0,0,0,0,5,0,0,5,0
Georgia,5,0,0,0,0,5,0,0,0,0,0,0,1,3,5,1,0,0,1,1,0,0,0,0,0,0,0,1,0,0,0,0,0,5,0,0,0,0,0,0,0,0,0,0,0,0,0,0,0,0,0,0,0,0,5,0,0,1,5,0,0,0,0,-1,0,0,0,1,0,0,0,0,0,0,0,0,0,0,0,5,0,1,0,0,0,1,0,0,0,0,0,0,0,0,0,0,0,0,0,0,0,0,0,0,5,0,5,0,1,0,0,0,5,0,0,5,0,0,0,1,0,0,5,0,0,0,5,0,5,0,0,0,0,0,0,0,0,5,0,0,0,0,0,0,0,0,0,0,5,3,0,0,0,0,0,0,0,0,0,0,0,0,0,1,0,0,0,5,0,0,0,0,1,0,1,1,0,0,0,0,0,0,0,0,0,0,0,0,5,5,0,0,0,0,5,0,0,5,0
Germany,5,0,0,0,0,0,0,0,0,3,0,0,0,0,1,1,0,0,1,1,0,0,0,0,0,0,0,1,0,0,0,0,0,5,0,0,0,0,0,0,0,0,0,0,0,0,0,0,0,0,0,0,0,0,5,0,0,1,0,0,0,0,0,0,-1,0,1,0,0,0,0,0,0,0,0,0,5,0,0,5,0,1,0,0,0,0,0,0,0,0,0,0,0,0,0,0,0,0,0,0,0,0,0,0,5,0,0,0,1,0,0,0,5,0,0,5,0,0,0,1,0,0,5,0,5,0,5,0,0,0,0,1,0,0,0,0,0,5,0,0,0,0,0,0,0,0,0,0,0,0,0,0,0,0,0,0,0,0,0,0,0,0,0,1,0,5,0,1,0,0,5,0,0,0,1,1,0,0,0,0,0,0,0,0,0,0,0,0,5,0,0,0,0,0,0,0,0,5,0
Ghana,5,0,0,0,0,5,0,5,0,0,0,0,1,3,5,1,0,0,1,1,0,0,0,0,0,0,0,1,0,0,0,0,0,5,0,0,0,0,0,0,0,0,0,0,0,0,0,0,0,0,0,0,0,0,5,0,0,1,5,0,0,0,0,0,0,-1,0,1,0,0,0,0,0,0,0,0,0,0,0,5,0,1,0,0,0,1,0,0,0,0,0,0,0,0,0,0,0,0,0,0,0,0,0,0,5,0,5,0,1,0,0,0,5,0,0,5,0,0,0,1,0,0,5,0,0,0,5,0,5,0,0,0,0,0,0,0,0,5,0,0,0,0,0,0,0,0,0,0,5,3,0,0,0,0,0,0,0,0,0,0,0,0,0,1,0,0,0,5,0,0,0,0,1,0,1,1,0,0,0,0,0,0,1,0,0,0,0,0,5,5,0,0,0,0,5,0,0,5,0
Greece,5,0,0,0,0,0,0,0,0,3,0,0,0,0,1,1,0,0,1,1,0,0,0,0,0,5,0,1,0,0,0,0,0,5,0,0,0,0,0,0,0,0,0,0,0,0,0,0,0,0,0,0,0,0,5,0,0,1,0,0,0,0,0,0,0,0,-1,0,0,0,0,0,0,0,0,0,5,0,0,5,0,1,0,0,0,0,0,0,0,0,0,0,0,0,0,0,0,0,0,0,0,0,0,0,5,0,5,0,1,0,0,0,5,0,0,5,0,0,0,1,0,0,5,0,5,0,5,0,5,0,0,1,0,0,0,0,0,5,0,0,0,0,0,0,0,0,0,0,5,0,0,0,0,0,0,0,0,0,0,0,0,0,0,1,0,5,0,1,0,0,5,5,1,0,1,1,0,0,0,0,0,0,0,0,0,0,0,0,5,0,0,0,0,0,0,0,0,5,0
Grenada,5,0,0,0,0,5,0,5,0,0,0,0,1,3,5,1,0,0,1,1,0,0,0,0,0,0,0,1,0,0,0,0,0,5,0,0,0,0,0,0,0,0,0,0,0,0,0,0,0,0,0,0,0,0,5,0,0,1,5,0,0,0,0,0,0,0,0,-1,0,0,0,0,0,0,0,0,0,0,0,5,0,1,0,0,0,1,0,0,0,0,0,0,0,0,0,0,0,0,0,0,0,0,0,0,5,0,5,0,1,0,0,0,5,0,0,5,0,0,0,1,0,0,5,0,0,0,5,0,5,0,0,0,0,0,0,0,0,5,0,0,0,0,0,0,0,0,0,0,5,3,0,0,0,0,0,0,0,0,0,0,0,0,0,1,0,0,0,5,0,0,0,0,1,0,1,1,0,0,0,0,0,0,1,0,0,0,0,0,5,5,0,0,0,0,5,0,0,5,0
Guatemala,5,0,0,0,0,5,0,5,0,0,0,0,1,3,5,1,0,0,1,1,0,0,0,0,0,0,0,1,0,0,0,0,0,5,0,0,0,0,0,0,0,0,0,0,0,0,0,0,0,0,0,0,0,0,5,0,0,1,5,0,0,0,0,0,0,0,0,1,-1,0,0,0,0,0,0,0,0,0,0,5,0,1,0,0,0,1,0,0,0,0,0,0,0,0,0,0,0,0,0,0,0,0,0,0,5,0,5,0,1,0,0,0,5,0,0,5,0,0,0,1,0,0,5,0,0,0,5,0,5,0,0,0,0,0,0,0,0,5,0,0,0,0,0,0,0,0,0,0,5,3,0,0,0,0,0,0,0,0,0,0,0,0,0,1,0,0,0,5,0,0,0,0,1,0,1,1,0,0,0,0,0,0,0,0,0,0,0,0,5,5,0,0,0,0,5,0,0,5,0
Guinea,5,0,0,0,0,5,0,5,0,0,0,0,1,3,5,1,0,0,1,1,0,0,0,0,0,0,0,1,0,0,0,0,0,5,0,0,0,0,0,0,0,0,0,0,0,0,0,0,0,0,0,0,0,0,5,0,0,1,5,0,0,0,0,0,0,0,0,1,0,-1,0,0,0,0,0,0,0,0,0,5,0,1,0,0,0,1,0,0,0,0,0,0,0,0,0,0,0,0,0,0,0,0,0,0,5,0,5,0,1,0,0,0,5,0,0,5,0,0,0,1,0,0,5,0,0,0,5,0,5,0,0,0,0,0,0,0,0,5,0,0,0,0,0,0,0,0,0,0,5,3,0,0,0,0,0,0,0,0,0,0,0,0,0,1,0,0,0,5,0,0,0,0,1,0,1,1,0,0,0,0,0,0,1,0,0,0,0,0,5,5,0,0,0,0,5,0,0,5,0
Guinea-Bissau,5,0,0,0,0,5,0,5,0,0,0,0,1,3,5,1,0,0,1,1,0,0,0,0,0,0,0,1,0,0,0,0,0,5,0,0,0,0,0,0,0,0,0,0,0,0,0,0,0,0,0,0,0,0,5,0,0,1,5,0,0,0,0,0,0,0,0,1,0,0,-1,0,0,0,0,0,0,0,0,5,0,1,0,0,0,1,0,0,0,0,0,0,0,0,0,0,0,0,0,0,0,0,0,0,5,0,5,0,1,0,0,0,5,0,0,5,0,0,0,1,0,0,5,0,0,0,5,0,5,0,0,0,0,0,0,0,0,5,0,0,0,0,0,0,0,0,0,0,5,3,0,0,0,0,0,0,0,0,0,0,0,0,0,1,0,0,0,5,0,0,0,0,1,0,1,1,0,0,0,0,0,0,1,0,0,0,0,0,5,5,0,0,0,0,5,0,0,5,0
Guyana,5,0,0,0,0,5,0,5,0,0,0,0,1,3,5,1,0,0,1,1,0,0,0,0,0,0,0,1,0,0,0,0,0,5,0,0,0,0,0,0,0,0,0,0,0,0,0,0,0,0,0,0,0,0,5,0,0,1,5,0,0,0,0,0,0,0,0,1,0,0,0,-1,0,0,0,0,0,0,0,5,0,1,0,0,0,1,0,0,0,0,0,0,0,0,0,0,0,0,0,0,0,0,0,0,5,0,5,0,1,0,0,0,5,0,0,5,0,0,0,1,0,0,5,0,0,0,5,0,5,0,0,0,0,0,0,0,0,5,0,0,0,0,0,0,0,0,0,0,5,3,0,0,0,0,0,0,0,0,0,0,0,0,0,1,0,0,0,5,0,0,0,0,1,0,1,1,0,0,0,0,0,0,1,0,0,0,0,0,5,5,0,0,0,0,5,0,0,5,0
Haiti,5,0,0,0,0,5,0,5,0,0,0,0,1,3,5,1,0,0,1,1,0,0,0,0,0,0,0,1,0,0,0,0,0,5,0,0,0,0,0,0,0,0,0,0,0,0,0,0,0,0,0,0,0,0,5,0,0,1,5,0,0,0,0,0,0,0,0,1,0,0,0,0,-1,0,0,0,0,0,0,5,0,1,0,0,0,1,0,0,0,0,0,0,0,0,0,0,0,0,0,0,0,0,0,0,5,0,5,0,1,0,0,0,5,0,0,5,0,0,0,1,0,0,5,0,0,0,5,0,5,0,0,0,0,0,0,0,0,5,0,0,0,0,0,0,0,0,0,0,5,3,0,0,0,0,0,0,0,0,0,0,0,0,0,1,0,0,0,5,0,0,0,0,1,0,1,1,0,0,0,0,0,0,1,0,0,0,0,0,5,5,0,0,0,0,5,0,0,5,0
Honduras,5,0,0,0,0,5,0,5,0,0,0,0,1,3,5,1,0,0,1,1,0,0,0,0,0,0,0,1,0,0,0,0,0,5,0,0,0,0,0,0,0,0,0,0,0,0,0,0,0,0,0,0,0,0,5,0,0,1,5,0,0,0,0,0,0,0,0,1,0,0,0,0,0,-1,0,0,0,0,0,5,0,1,0,0,0,1,0,0,0,0,0,0,0,0,0,0,0,0,0,0,0,0,0,0,5,0,5,0,1,0,0,0,5,0,0,5,0,0,0,1,0,0,5,0,0,0,5,0,5,0,0,0,0,0,0,0,0,5,0,0,0,0,0,0,0,0,0,0,5,3,0,0,0,0,0,0,0,0,0,0,0,0,0,1,0,0,0,5,0,0,0,0,1,0,1,1,0,0,0,0,0,0,1,0,0,0,0,0,5,5,0,0,0,0,5,0,0,5,0
Hong Kong,5,0,0,0,0,5,0,5,0,0,0,0,1,3,5,1,0,0,1,1,0,0,0,0,0,0,0,1,0,0,0,0,0,5,0,0,0,0,0,0,0,0,0,0,0,0,0,0,0,0,0,0,0,0,5,0,0,1,5,0,0,0,0,0,0,0,0,1,0,0,0,0,0,0,-1,0,0,0,0,5,0,1,0,0,0,0,0,0,0,0,0,0,0,0,0,0,0,0,0,0,0,0,5,0,5,0,5,0,1,0,0,0,5,0,0,5,0,0,0,1,0,0,0,0,0,0,5,0,5,0,0,0,0,0,0,0,0,5,0,0,0,0,0,0,0,0,0,0,0,0,0,0,0,0,0,0,0,0,0,0,0,0,0,1,0,0,0,5,0,0,0,0,1,0,1,1,0,0,0,0,0,0,1,0,0,0,0,0,5,5,0,0,0,0,5,0,0,5,0
Hungary,5,0,0,0,0,0,0,0,0,3,0,0,0,0,1,1,0,0,1,1,0,0,0,0,0,5,0,1,0,0,0,0,0,5,0,0,0,0,0,0,0,0,0,0,0,0,0,0,0,0,0,0,0,0,5,0,0,1,0,0,0,0,0,0,0,0,1,0,0,0,0,0,0,0,0,-1,5,0,0,5,0,1,0,0,0,0,0,0,0,0,0,0,0,0,0,0,0,0,0,0,0,0,0,0,5,0,5,0,1,0,0,0,5,0,0,5,0,0,0,1,0,0,5,0,5,0,5,0,5,0,0,1,0,0,0,0,0,5,0,0,0,0,0,0,0,0,0,0,5,3,0,0,0,0,0,0,0,0,0,3,0,0,0,1,0,5,0,1,0,0,5,5,1,0,1,1,0,0,0,0,0,0,0,0,0,0,0,0,5,0,0,0,0,0,0,0,0,5,0
Iceland,5,0,0,0,0,5,0,5,0,3,0,0,0,3,1,1,0,0,1,1,0,0,0,0,0,5,0,1,0,0,0,0,0,5,0,0,0,0,0,0,0,0,0,0,0,0,0,0,0,0,0,0,0,0,5,0,0,1,5,0,0,0,0,0,0,0,1,1,0,0,0,0,0,0,0,0,-1,0,0,5,0,1,0,0,0,0,0,0,0,0,0,0,0,0,0,0,0,0,0,0,0,0,0,0,5,0,5,0,1,0,0,0,5,0,0,5,0,0,0,1,0,0,5,0,5,0,5,0,5,0,0,1,0,0,0,0,0,5,0,0,0,0,0,0,0,0,0,0,5,0,0,0,0,0,0,0,0,0,0,0,0,0,0,1,0,5,0,5,0,0,5,5,1,0,1,1,0,0,0,0,0,0,1,0,0,0,0,0,5,0,0,0,0,0,0,0,0,5,0
India,5,0,0,0,0,5,0,5,0,0,0,0,1,3,5,1,0,0,1,1,0,0,0,0,0,0,0,1,0,0,0,0,0,5,0,0,0,0,0,0,0,0,0,0,0,0,0,0,0,0,0,0,0,0,5,0,0,1,5,0,0,0,0,0,0,0,0,1,0,0,0,0,0,0,0,0,0,-1,0,5,0,1,0,0,0,1,0,0,0,0,0,0,0,0,0,0,0,0,0,0,0,0,0,0,5,0,5,0,1,0,0,0,5,0,0,5,0,0,0,1,0,0,5,0,0,0,5,0,5,0,0,0,0,0,0,0,0,5,0,0,0,0,0,0,0,0,0,0,5,3,0,0,0,0,0,0,0,0,0,0,0,0,0,1,0,0,0,5,0,0,0,0,1,0,1,1,0,0,0,0,0,0,0,0,0,0,0,0,5,5,0,0,0,0,5,0,0,5,0
Indonesia,5,0,0,0,0,5,0,5,0,0,0,0,1,3,5,1,0,0,1,1,0,0,0,0,0,0,0,1,0,0,0,0,0,5,0,0,0,0,0,0,0,0,0,0,0,0,0,0,0,0,0,0,0,0,5,0,0,1,5,0,0,0,0,0,0,0,0,1,0,0,0,0,0,0,0,0,0,0,-1,5,0,1,0,0,0,0,0,0,0,0,0,0,0,0,0,0,0,0,0,0,0,0,0,0,5,0,5,0,1,0,0,0,5,0,0,5,0,0,0,1,0,0,5,0,0,0,5,0,5,0,0,0,0,0,0,0,0,5,0,0,0,0,0,0,0,0,0,0,5,3,0,0,0,0,0,0,0,0,0,0,0,0,0,1,0,0,0,5,0,0,0,0,1,0,1,1,0,0,0,0,0,0,1,0,0,0,0,0,5,5,0,0,0,0,5,0,0,5,0
Iran,5,0,0,0,0,0,0,0,0,0,0,0,1,0,5,1,0,0,1,1,0,0,0,0,0,0,0,1,0,0,0,0,0,5,0,0,0,0,0,0,0,0,0,0,0,0,0,0,0,0,0,0,0,0,1,0,0,1,0,0,0,0,0,0,0,0,0,0,0,0,0,0,0,0,0,0,0,0,0,-1,0,1,0,0,0,0,0,0,0,0,0,0,0,0,0,0,0,0,0,0,0,0,0,0,5,0,0,0,1,0,0,0,5,0,0,5,0,0,0,1,0,0,0,0,0,0,5,0,0,0,0,0,0,0,0,0,0,0,0,0,0,0,0,0,0,0,0,0,0,0,0,0,0,0,0,0,0,0,0,0,0,0,0,1,0,0,0,1,0,0,0,0,0,0,1,1,0,0,0,0,0,0,0,0,0,0,0,0,5,0,0,0,0,0,5,0,0,5,0
Iraq,5,0,0,0,0,5,0,5,0,0,0,0,1,3,5,1,0,0,1,1,0,0,0,0,0,0,0,1,0,0,0,0,0,5,0,0,0,0,0,0,0,0,0,0,0,0,0,0,0,0,0,0,0,0,5,0,0,1,5,0,0,0,0,0,0,0,0,1,0,0,0,0,0,0,0,0,0,0,0,5,-1,1,0,0,0,1,0,0,0,0,0,0,0,0,0,0,0,0,0,0,0,0,0,0,5,0,5,0,1,0,0,0,5,0,0,5,0,0,0,1,0,0,5,0,0,0,5,0,5,0,0,0,0,0,0,0,0,5,0,0,0,0,0,0,0,0,0,0,5,3,0,0,0,0,0,0,0,0,0,0,0,0,0,1,0,0,0,5,0,0,0,0,0,0,1,1,0,0,0,0,0,0,0,0,0,0,0,0,5,5,0,0,0,0,5,0,0,5,0
Ireland,5,0,0,0,0,0,0,0,0,3,0,0,0,0,1,1,0,0,1,1,0,0,0,0,0,5,0,1,0,0,0,0,0,5,0,0,0,0,0,0,0,0,0,0,0,0,0,0,0,0,0,0,0,0,5,0,0,1,0,0,0,0,0,0,0,0,1,0,0,0,0,0,0,0,0,0,0,0,0,5,0,-1,0,0,0,0,0,0,0,0,0,0,0,0,0,0,0,0,0,0,0,0,0,0,5,0,5,0,1,0,0,0,5,0,0,5,0,0,0,1,0,0,5,0,5,0,5,0,5,0,0,1,0,0,0,0,0,5,0,0,0,0,0,0,0,0,0,0,5,3,0,0,0,0,0,0,0,0,0,0,0,0,0,1,0,5,0,1,0,0,5,0,1,0,1,1,0,0,0,0,0,0,0,0,0,0,0,0,5,5,0,0,0,0,0,0,0,5,0
Israel,5,0,0,0,0,5,0,0,0,0,0,0,1,3,5,1,0,0,1,1,0,0,0,0,0,0,0,1,0,0,0,0,0,5,0,0,0,0,0,0,0,0,0,0,0,0,0,0,0,0,0,0,0,0,5,0,0,1,5,0,0,0,0,0,0,0,0,1,0,0,0,0,0,0,0,0,0,0,0,5,0,1,-1,0,0,0,0,0,0,0,0,0,0,0,0,0,0,0,0,0,0,0,0,0,5,0,5,0,1,0,0,0,5,0,0,5,0,0,0,1,0,0,5,0,0,0,5,0,5,0,0,0,0,0,0,0,0,5,0,0,0,0,0,0,0,0,0,0,5,3,0,0,0,0,0,0,0,0,0,0,0,0,0,1,0,0,0,5,0,0,0,0,1,0,1,1,0,0,0,0,0,0,1,0,0,0,0,0,5,5,0,0,0,0,5,0,0,5,0
Italy,5,0,0,0,0,0,0,0,0,0,0,0,0,0,1,1,0,0,1,1,0,0,0,0,0,0,0,1,0,0,0,0,0,5,0,0,0,0,0,0,0,0,0,0,0,0,0,0,0,0,0,0,0,0,1,0,0,1,0,0,0,0,0,0,0,0,1,0,0,0,0,0,0,0,0,0,0,0,0,5,0,0,0,-1,0,0,0,0,0,0,0,0,0,0,0,0,0,0,0,0,0,0,0,0,5,0,0,0,1,0,0,0,0,0,0,5,0,0,0,1,0,0,0,0,0,0,5,0,0,0,0,0,0,0,0,0,0,0,0,0,0,0,0,0,0,0,0,0,0,0,0,0,0,0,0,0,0,0,0,0,0,0,0,1,0,5,0,1,0,0,5,0,0,0,1,1,0,0,0,0,0,0,0,0,0,0,0,0,5,0,0,0,0,5,0,0,0,5,0
Jamaica,5,0,0,0,0,5,0,5,0,0,0,0,1,3,5,1,0,0,1,1,0,0,0,0,0,0,0,1,0,0,0,0,0,5,0,0,0,0,0,0,0,0,0,0,0,0,0,0,0,0,0,0,0,0,5,0,0,1,5,0,0,0,0,0,0,0,0,1,0,0,0,0,0,0,0,0,0,0,0,5,0,1,0,0,-1,1,0,0,0,0,0,0,0,0,0,0,0,0,0,0,0,0,0,0,5,0,5,0,1,0,0,0,5,0,0,5,0,0,0,1,0,0,5,0,0,0,5,0,5,0,0,0,0,0,0,0,0,5,0,0,0,0,0,0,0,0,0,0,5,3,0,0,0,0,0,0,0,0,0,0,0,0,0,1,0,0,0,5,0,0,0,0,1,0,1,1,0,0,0,0,0,0,1,0,0,0,0,0,5,5,0,0,0,0,5,0,0,5,0
Japan,5,0,0,0,0,0,0,0,0,0,0,0,1,3,5,1,0,0,1,1,0,0,0,0,0,0,0,1,0,0,0,0,0,5,0,0,0,0,0,0,0,0,0,0,0,0,0,0,0,0,0,0,0,0,5,0,0,1,5,0,0,0,0,0,0,0,0,1,0,0,0,0,0,0,0,0,0,0,0,5,0,1,0,0,0,-1,0,0,0,0,0,0,0,0,0,0,0,0,0,0,0,0,0,0,5,0,5,0,1,0,0,0,5,0,0,5,0,0,0,1,0,0,5,0,0,0,5,0,0,0,0,0,0,0,0,0,0,0,0,0,0,0,0,0,0,0,0,0,0,0,0,0,0,0,0,0,0,0,0,0,0,0,0,1,0,0,0,5,0,0,0,0,0,0,1,1,0,0,0,0,0,0,1,0,0,0,0,0,5,5,0,0,0,0,5,0,0,5,0
Jordan,5,0,0,0,0,5,0,5,0,0,0,0,1,3,5,1,0,0,1,1,0,0,0,0,0,0,0,1,0,0,0,0,0,5,0,0,0,0,0,0,0,0,0,0,0,0,0,0,0,0,0,0,0,0,5,0,0,1,5,0,0,0,0,0,0,0,0,1,0,0,0,0,0,0,0,0,0,0,0,5,0,1,0,0,0,1,-1,0,0,0,0,0,0,0,0,0,0,0,0,0,0,0,0,0,5,0,5,0,1,0,0,0,5,0,0,5,0,0,0,1,0,0,5,0,0,0,5,0,5,0,0,0,0,0,0,0,0,5,0,0,0,0,0,0,0,0,0,0,5,3,0,0,0,0,0,0,0,0,0,0,0,0,0,1,0,0,0,5,0,0,0,0,1,0,1,1,0,0,0,0,0,0,0,0,0,0,0,0,5,5,0,0,0,0,5,0,0,5,0
Kazakhstan,5,0,0,0,0,5,0,5,0,0,0,0,1,3,5,1,0,0,1,1,0,0,0,0,0,0,0,1,0,0,0,0,0,5,0,0,0,0,0,0,0,0,0,0,0,0,0,0,0,0,0,0,0,0,5,0,0,1,5,0,0,0,0,0,0,0,0,1,0,0,0,0,0,0,0,0,0,0,0,5,0,1,0,0,0,1,0,-1,0,0,0,0,0,0,0,0,0,0,0,0,0,0,0,0,5,0,5,0,1,0,0,0,5,0,0,5,0,0,0,1,0,0,5,0,0,0,5,0,5,0,0,0,0,0,0,0,0,5,0,0,0,0,0,0,0,0,0,0,5,3,0,0,0,0,0,0,0,0,0,0,0,0,0,1,0,0,0,5,0,0,0,0,1,0,1,1,0,0,0,0,0,0,0,0,0,0,0,0,5,5,0,0,0,0,5,0,0,5,0
Kenya,5,0,0,0,0,5,0,5,0,0,0,0,1,3,5,1,0,0,1,1,0,0,0,0,0,0,0,1,0,0,0,0,0,5,0,0,0,0,0,0,0,0,0,0,0,0,0,0,0,0,0,0,0,0,5,0,0,1,5,0,0,0,0,0,0,0,0,1,0,0,0,0,0,0,0,0,0,0,0,5,0,1,0,0,0,1,0,0,-1,0,0,0,0,0,0,0,0,0,0,0,0,0,0,0,5,0,5,0,1,0,0,0,5,0,0,5,0,0,0,1,0,0,5,0,0,0,5,0,5,0,0,0,0,0,0,0,0,5,0,0,0,0,0,0,0,0,0,0,5,3,0,0,0,0,0,0,0,0,0,0,0,0,0,1,0,0,0,5,0,0,0,0,1,0,1,1,0,0,0,0,0,0,0,0,0,0,0,0,5,5,0,0,0,0,5,0,0,5,0
Kiribati,5,0,0,0,0,5,0,5,0,0,0,0,1,3,5,1,0,0,1,1,0,0,0,0,0,0,0,1,0,0,0,0,0,5,0,0,0,0,0,0,0,0,0,0,0,0,0,0,0,0,0,0,0,0,5,0,0,1,5,0,0,0,0,0,0,0,0,1,0,0,0,0,0,0,0,0,0,0,0,5,0,1,0,0,0,1,0,0,0,-1,0,0,0,0,0,0,0,0,0,0,0,0,0,0,5,0,5,0,1,0,0,0,5,0,0,5,0,0,0,1,0,0,5,0,0,0,5,0,5,0,0,0,0,0,0,0,0,5,0,0,0,0,0,0,0,0,0,0,5,3,0,0,0,0,0,0,0,0,0,0,0,0,0,1,0,0,0,5,0,0,0,0,1,0,1,1,0,0,0,0,0,0,1,0,0,0,0,0,5,5,0,0,0,0,5,0,0,5,0
Kosovo,5,0,0,0,0,5,0,5,0,0,0,0,1,3,1,1,0,0,1,1,0,0,0,0,0,0,0,1,0,0,0,0,0,5,0,0,0,0,0,0,0,0,0,0,0,0,0,0,0,0,0,0,0,0,5,0,0,1,5,0,0,0,0,0,0,0,0,1,0,0,0,0,0,0,0,0,0,0,0,5,0,1,0,0,0,0,0,0,0,0,-1,0,0,0,0,0,0,0,0,0,0,0,0,0,5,0,5,0,1,0,0,0,5,0,0,5,0,0,0,1,0,0,5,0,0,0,5,0,5,0,0,0,0,0,0,0,0,5,0,0,0,0,0,0,0,0,0,0,5,3,0,0,0,0,0,0,0,0,0,0,0,0,0,1,0,0,0,5,0,0,0,0,1,0,1,1,0,0,0,0,0,0,0,0,0,0,0,0,5,5,0,0,0,0,5,0,0,5,0
Kuwait,5,0,0,0,0,5,0,5,0,0,0,0,1,3,5,1,0,0,1,1,0,0,0,0,0,0,0,1,0,0,0,0,0,5,0,0,0,0,0,0,0,0,0,0,0,0,0,0,0,0,0,0,0,0,5,0,0,1,5,0,0,0,0,0,0,0,0,1,0,0,0,0,0,0,0,0,0,0,0,5,0,1,0,0,0,1,0,0,0,0,0,-1,0,0,0,0,0,0,0,0,0,0,0,0,5,0,5,0,1,0,0,0,5,0,0,5,0,0,0,1,0,0,5,0,0,0,5,0,5,0,0,0,0,0,0,0,0,5,0,0,0,0,0,0,0,0,0,0,5,0,0,0,0,0,0,0,0,0,0,0,0,0,0,1,0,0,0,5,0,0,0,0,0,0,1,1,0,0,0,0,0,0,0,0,0,0,0,0,5,5,0,0,0,0,5,0,0,5,0
Kyrgyzstan,5,0,0,0,0,5,0,5,0,0,0,0,1,3,5,1,0,0,1,1,0,0,0,0,0,0,0,1,0,0,0,0,0,5,0,0,0,0,0,0,0,0,0,0,0,0,0,0,0,0,0,0,0,0,5,0,0,1,5,0,0,0,0,0,0,0,0,1,0,0,0,0,0,0,0,0,0,0,0,5,0,1,0,0,0,1,0,0,0,0,0,0,-1,0,0,0,0,0,0,0,0,0,0,0,5,0,5,0,1,0,0,0,5,0,0,5,0,0,0,1,0,0,5,0,0,0,5,0,5,0,0,0,0,0,0,0,0,5,0,0,0,0,0,0,0,0,0,0,5,3,0,0,0,0,0,0,0,0,0,0,0,0,0,1,0,0,0,5,0,0,0,0,1,0,1,1,0,0,0,0,0,0,1,0,0,0,0,0,5,5,0,0,0,0,5,0,0,5,0
Laos,5,0,0,0,0,5,0,5,0,0,0,0,1,3,5,1,0,0,1,1,0,0,0,0,0,0,0,1,0,0,0,0,0,5,0,0,0,0,0,0,0,0,0,0,0,0,0,0,0,0,0,0,0,0,5,0,0,1,5,0,0,0,0,0,0,0,0,1,0,0,0,0,0,0,0,0,0,0,0,5,0,1,0,0,0,1,0,0,0,0,0,0,0,-1,0,0,0,0,0,0,0,0,0,0,5,0,5,0,1,0,0,0,5,0,0,5,0,0,0,1,0,0,5,0,0,0,5,0,5,0,0,0,0,0,0,0,0,5,0,0,0,0,0,0,0,0,0,0,5,3,0,0,0,0,0,0,0,0,0,0,0,0,0,1,0,0,0,5,0,0,0,0,1,0,1,1,0,0,0,0,0,0,1,0,0,0,0,0,5,5,0,0,0,0,5,0,0,5,0
Latvia,5,0,0,0,0,0,0,0,0,0,0,0,0,0,1,1,0,0,1,1,0,0,0,0,0,5,0,1,0,0,0,0,0,5,0,0,0,0,0,0,0,0,0,0,0,0,0,0,0,0,0,0,0,0,5,0,0,1,0,0,0,0,0,0,0,0,1,0,0,0,0,0,0,0,0,0,0,0,0,5,0,0,0,0,0,0,0,0,0,0,0,0,0,0,-1,0,0,0,0,0,0,0,0,0,5,0,5,0,1,0,0,0,0,0,0,5,0,0,0,1,0,0,5,0,0,0,5,0,5,0,0,0,0,0,0,0,0,5,0,0,0,0,0,0,0,0,0,0,5,3,0,0,0,0,0,0,0,0,0,0,0,0,0,1,0,5,0,1,0,0,5,5,1,0,1,1,0,0,0,0,0,0,0,0,0,0,0,0,5,0,0,0,0,0,0,0,0,5,0
Lebanon,5,0,0,0,0,5,0,5,0,0,0,0,1,3,5,1,0,0,1,1,0,0,0,0,0,0,0,1,0,0,0,0,0,5,0,0,0,0,0,0,0,0,0,0,0,0,0,0,0,0,0,0,0,0,5,0,0,1,5,0,0,0,0,0,0,0,0,1,0,0,0,0,0,0,0,0,0,0,0,5,0,1,0,0,0,1,0,0,0,0,0,0,0,0,0,-1,0,0,0,0,0,0,0,0,5,0,5,0,1,0,0,0,5,0,0,5,0,0,0,1,0,0,5,0,0,0,5,0,5,0,0,0,0,0,0,0,0,5,0,0,0,0,0,0,0,0,0,0,5,3,0,0,0,0,0,0,0,0,0,0,0,0,0,1,0,0,0,5,0,0,0,0,0,0,1,1,0,0,0,0,0,0,0,0,0,0,0,0,5,5,0,0,0,0,5,0,0,5,0
Lesotho,5,0,0,0,0,5,0,5,0,0,0,0,1,3,5,1,0,0,1,1,0,0,0,0,0,0,0,1,0,0,0,0,0,5,0,0,0,0,0,0,0,0,0,0,0,0,0,0,0,0,0,0,0,0,5,0,0,1,5,0,0,0,0,0,0,0,0,1,0,0,0,0,0,0,0,0,0,0,0,5,0,1,0,0,0,1,0,0,0,0,0,0,0,0,0,0,-1,0,0,0,0,0,0,0,5,0,5,0,1,0,0,0,5,0,0,5,0,0,0,1,0,0,5,0,0,0,5,0,5,0,0,0,0,0,0,0,0,5,0,0,0,0,0,0,0,0,0,0,5,3,0,0,0,0,0,0,0,0,0,0,0,0,0,1,0,0,0,5,0,0,0,0,1,0,1,1,0,0,0,0,0,0,1,0,0,0,0,0,5,5,0,0,0,0,5,0,0,5,0
Liberia,5,0,0,0,0,5,0,5,0,0,0,0,1,3,5,1,0,0,1,1,0,0,0,0,0,0,0,1,0,0,0,0,0,5,0,0,0,0,0,0,0,0,0,0,0,0,0,0,0,0,0,0,0,0,5,0,0,1,5,0,0,0,0,0,0,0,0,1,0,0,0,0,0,0,0,0,0,0,0,5,0,1,0,0,0,1,0,0,0,0,0,0,0,0,0,0,0,-1,0,0,0,0,0,0,5,0,5,0,1,0,0,0,5,0,0,5,0,0,0,1,0,0,5,0,0,0,5,0,5,0,0,0,0,0,0,0,0,5,0,0,0,0,0,0,0,0,0,0,5,3,0,0,0,0,0,0,0,0,0,0,0,0,0,1,0,0,0,5,0,0,0,0,1,0,1,1,0,0,0,0,0,0,1,0,0,0,0,0,5,5,0,0,0,0,5,0,0,5,0
Libya,5,0,0,0,0,5,0,5,0,0,0,0,1,3,5,1,0,0,1,1,0,0,0,0,0,0,0,1,0,0,0,0,0,5,0,0,0,0,0,0,0,0,0,0,0,0,0,0,0,0,0,0,0,0,5,0,0,1,5,0,0,0,0,0,0,0,0,1,0,0,0,0,0,0,0,0,0,0,0,5,0,1,0,0,0,1,0,0,0,0,0,0,0,0,0,0,0,0,-1,0,0,0,0,0,5,0,5,0,1,0,0,0,5,0,0,5,0,0,0,1,0,0,5,0,0,0,5,0,5,0,0,0,0,0,0,0,0,5,0,0,0,0,0,0,0,0,0,0,5,3,0,0,0,0,0,0,0,0,0,0,0,0,0,1,0,0,0,5,0,0,0,0,1,0,1,1,0,0,0,0,0,0,1,0,0,0,0,0,5,5,0,0,0,0,5,0,0,5,0
Liechtenstein,5,0,0,0,0,5,0,5,0,3,0,0,0,3,1,1,0,0,1,1,0,0,0,0,0,0,0,1,0,0,0,0,0,5,0,0,0,0,0,0,0,0,0,0,0,0,0,0,0,0,0,0,0,0,5,0,0,1,5,0,0,0,0,0,0,0,1,1,0,0,0,0,0,0,0,0,5,0,0,5,0,1,0,0,0,0,0,0,0,0,0,0,0,0,0,0,0,0,0,-1,0,0,0,0,5,0,5,0,1,0,0,0,5,0,0,5,0,0,0,1,0,0,5,0,5,0,5,0,5,0,0,1,0,0,0,0,0,5,0,0,0,0,0,0,0,0,0,0,5,3,0,0,0,0,0,0,0,0,0,0,0,0,0,1,0,0,0,5,0,0,5,5,1,0,1,1,0,0,0,0,0,0,1,0,0,0,0,0,5,5,0,0,0,0,0,0,0,5,0
Lithuania,5,0,0,0,0,0,0,0,0,3,0,0,0,0,1,1,0,0,1,1,0,0,0,0,0,5,0,1,0,0,0,0,0,5,0,0,0,0,0,0,0,0,0,0,0,0,0,0,0,0,0,0,0,0,5,0,0,1,0,0,0,0,0,0,0,0,1,0,0,0,0,0,0,0,0,0,5,0,0,5,0,1,0,0,0,1,0,0,0,0,0,0,0,0,0,0,0,0,0,0,-1,0,0,0,5,0,5,0,1,0,0,0,5,0,0,5,0,0,0,1,0,0,5,0,5,0,5,0,5,0,0,1,0,0,0,0,0,5,0,0,0,0,0,0,0,0,0,0,5,3,0,0,0,0,0,0,0,0,0,0,0,0,0,1,0,5,0,1,0,0,5,5,1,0,1,1,0,0,0,0,0,0,1,0,0,0,0,0,5,0,0,0,0,0,0,0,0,5,0
Luxembourg,5,0,0,0,0,0,0,0,0,3,0,0,0,0,1,1,0,0,1,1,0,0,0,0,0,5,0,1,0,0,0,0,0,5,0,0,0,0,0,0,0,0,0,0,0,0,0,0,0,0,0,0,0,0,5,0,0,1,0,0,0,0,0,0,0,0,1,0,0,0,0,0,0,0,0,0,5,0,0,5,0,1,0,0,0,1,0,0,0,0,0,0,0,0,0,0,0,0,0,0,0,-1,0,0,5,0,5,0,1,0,0,0,5,0,0,5,0,0,0,1,0,0,5,0,5,0,5,0,5,0,0,1,0,0,0,0,0,5,0,0,0,0,0,0,0,0,0,0,5,0,0,0,0,0,0,0,0,0,0,0,0,0,0,1,0,5,0,1,0,0,5,5,1,0,1,1,0,0,0,0,0,0,1,0,0,0,0,0,5,0,0,0,0,0,0,0,0,5,0
Macao,5,0,0,0,0,5,0,5,0,0,0,0,1,3,5,1,0,0,1,1,0,0,0,0,0,0,0,1,0,0,0,0,0,5,0,0,0,0,0,0,0,0,0,0,0,0,0,0,0,0,0,0,0,0,5,0,0,1,5,0,0,0,0,0,0,0,0,1,0,0,0,0,0,0,0,0,0,0,0,5,0,1,0,0,0,0,0,0,0,0,0,0,0,0,0,0,0,0,0,0,0,0,-1,0,5,0,5,0,1,0,0,0,5,0,0,5,0,0,0,1,0,0,0,0,0,0,5,0,5,0,0,0,0,0,0,0,0,5,0,0,0,0,0,0,0,0,0,0,5,0,0,0,0,0,0,0,0,0,0,0,0,0,0,1,0,0,0,5,0,0,0,0,1,0,1,1,0,0,0,0,0,0,1,0,0,0,0,0,5,5,0,0,0,0,5,0,0,5,0
Madagascar,5,0,0,0,0,5,0,5,0,0,0,0,1,3,5,1,0,0,1,1,0,0,0,0,0,0,0,1,0,0,0,0,0,5,0,0,0,0,0,0,0,0,0,0,0,0,0,0,0,0,0,0,0,0,5,0,0,1,5,0,0,0,0,0,0,0,0,1,0,0,0,0,0,0,0,0,0,0,0,5,0,1,0,0,0,1,0,0,0,0,0,0,0,0,0,0,0,0,0,0,0,0,0,-1,5,0,5,0,1,0,0,0,5,0,0,5,0,0,0,1,0,0,5,0,0,0,5,0,5,0,0,0,0,0,0,0,0,5,0,0,0,0,0,0,0,0,0,0,5,3,0,0,0,0,0,0,0,0,0,0,0,0,0,1,0,0,0,5,0,0,0,0,1,0,1,1,0,0,0,0,0,0,1,0,0,0,0,0,5,5,0,0,0,0,5,0,0,5,0
Malawi,5,0,0,0,0,5,0,5,0,0,0,0,1,3,5,1,0,0,1,1,0,0,0,0,0,0,0,1,0,0,0,0,0,5,0,0,0,0,0,0,0,0,0,0,0,0,0,0,0,0,0,0,0,0,5,0,0,1,5,0,0,0,0,0,0,0,0,1,0,0,0,0,0,0,0,0,0,0,0,5,0,1,0,0,0,1,0,0,0,0,0,0,0,0,0,0,0,0,0,0,0,0,0,0,-1,0,5,0,1,0,0,0,5,0,0,5,0,0,0,1,0,0,5,0,0,0,5,0,5,0,0,0,0,0,0,0,0,5,0,0,0,0,0,0,0,0,0,0,5,3,0,0,0,0,0,0,0,0,0,0,0,0,0,1,0,0,0,5,0,0,0,0,1,0,1,1,0,0,0,0,0,0,1,0,0,0,0,0,5,5,0,0,0,0,5,0,0,5,0
Malaysia,5,0,0,0,0,5,0,5,0,0,0,0,1,3,5,1,0,0,1,1,0,0,0,0,0,0,0,1,0,0,0,0,0,5,0,0,0,0,0,0,0,0,0,0,0,0,0,0,0,0,0,0,0,0,5,0,0,1,5,0,0,0,0,0,0,0,0,1,0,0,0,0,0,0,0,0,0,0,0,5,0,1,0,0,0,0,0,0,0,0,0,0,0,0,0,0,0,0,0,0,0,0,0,0,5,-1,0,0,1,0,0,0,5,0,0,5,0,0,0,1,0,0,5,0,0,0,5,0,5,0,0,0,0,0,0,0,0,5,0,0,0,0,0,0,0,0,0,0,5,0,0,0,0,0,0,0,0,0,0,0,0,0,0,1,0,0,0,5,0,0,0,0,1,0,1,1,0,0,0,0,0,0,1,0,0,0,0,0,5,5,0,0,0,0,5,0,0,5,0
Maldives,5,0,0,0,0,5,0,5,0,0,0,0,1,3,5,1,0,0,1,1,0,0,0,0,0,0,0,1,0,0,0,0,0,5,0,0,0,0,0,0,0,0,0,0,0,0,0,0,0,0,0,0,0,0,5,0,0,1,5,0,0,0,0,0,0,0,0,1,0,0,0,0,0,0,0,0,0,0,0,5,0,1,0,0,0,1,0,0,0,0,0,0,0,0,0,0,0,0,0,0,0,0,0,0,5,0,-1,0,1,0,0,0,5,0,0,5,0,0,0,1,0,0,5,0,0,0,5,0,5,0,0,0,0,0,0,0,0,5,0,0,0,0,0,0,0,0,0,0,5,3,0,0,0,0,0,0,0,0,0,0,0,0,0,1,0,0,0,5,0,0,0,0,1,0,1,1,0,0,0,0,0,0,1,0,0,0,0,0,5,5,0,0,0,0,5,0,0,5,0
Mali,5,0,0,0,0,5,0,5,0,0,0,0,1,3,5,1,0,0,1,1,0,0,0,0,0,0,0,1,0,0,0,0,0,5,0,0,0,0,0,0,0,0,0,0,0,0,0,0,0,0,0,0,0,0,5,0,0,1,5,0,0,0,0,0,0,0,0,1,0,0,0,0,0,0,0,0,0,0,0,5,0,1,0,0,0,1,0,0,0,0,0,0,0,0,0,0,0,0,0,0,0,0,0,0,5,0,5,-1,1,0,0,0,5,0,0,5,0,0,0,1,0,0,5,0,0,0,5,0,5,0,0,0,0,0,0,0,0,5,0,0,0,0,0,0,0,0,0,0,5,3,0,0,0,0,0,0,0,0,0,0,0,0,0,1,0,0,0,5,0,0,0,0,1,0,1,1,0,0,0,0,0,0,1,0,0,0,0,0,5,5,0,0,0,0,5,0,0,5,0
Malta,5,0,0,0,0,0,0,0,0,3,0,0,0,0,1,1,0,0,1,1,0,0,0,0,0,5,0,1,0,0,0,0,0,5,0,0,0,0,0,0,0,0,0,0,0,0,0,0,0,0,0,0,0,0,5,0,0,1,0,0,0,0,0,0,0,0,1,0,0,0,0,0,0,0,0,0,5,0,0,5,0,1,0,0,0,0,0,0,0,0,0,0,0,0,0,0,0,0,0,0,0,0,0,0,5,0,5,0,-1,0,0,0,5,0,0,5,0,0,0,1,0,0,5,0,5,0,5,0,5,0,0,1,0,0,0,0,0,5,0,0,0,0,0,0,0,0,0,0,5,3,0,0,0,0,0,0,0,0,0,0,0,0,0,1,0,5,0,1,0,0,5,5,1,0,1,1,0,0,0,0,0,0,1,0,0,0,0,0,5,0,0,0,0,0,0,0,0,5,0
Marshall Islands,5,0,0,0,0,5,0,5,0,0,0,0,1,3,5,1,0,0,1,1,0,0,0,0,0,0,0,1,0,0,0,0,0,5,0,0,0,0,0,0,0,0,0,0,0,0,0,0,0,0,0,0,0,0,5,0,0,1,5,0,0,0,0,0,0,0,0,1,0,0,0,0,0,0,0,0,0,0,0,5,0,1,0,0,0,1,0,0,0,0,0,0,0,0,0,0,0,0,0,0,0,0,0,0,5,0,5,0,1,-1,0,0,5,0,0,5,0,0,0,1,0,0,5,0,0,0,5,0,5,0,0,0,0,0,0,0,0,5,0,0,0,0,0,0,0,0,0,0,5,3,0,0,0,0,0,0,0,0,0,0,0,0,0,1,0,0,0,5,0,0,0,0,1,0,1,1,0,0,0,0,0,0,1,0,0,0,0,0,5,5,0,0,0,0,5,0,0,5,0
Mauritania,5,0,0,0,0,5,0,5,0,0,0,0,1,3,5,1,0,0,1,1,0,0,0,0,0,0,0,1,0,0,0,0,0,5,0,0,0,0,0,0,0,0,0,0,0,0,0,0,0,0,0,0,0,0,5,0,0,1,5,0,0,0,0,0,0,0,0,1,0,0,0,0,0,0,0,0,0,0,0,5,0,1,0,0,0,1,0,0,0,0,0,0,0,0,0,0,0,0,0,0,0,0,0,0,5,0,5,0,1,0,-1,0,5,0,0,5,0,0,0,1,0,0,5,0,0,0,5,0,5,0,0,0,0,0,0,0,0,5,0,0,0,0,0,0,0,0,0,0,5,3,0,0,0,0,0,0,0,0,0,0,0,0,0,1,0,0,0,5,0,0,0,0,1,0,1,1,0,0,0,0,0,0,0,0,0,0,0,0,5,5,0,0,0,0,5,0,0,5,0
Mauritius,5,0,0,0,0,5,0,5,0,0,0,0,1,3,5,1,0,0,1,1,0,0,0,0,0,0,0,1,0,0,0,0,0,5,0,0,0,0,0,0,0,0,0,0,0,0,0,0,0,0,0,0,0,0,5,0,0,1,5,0,0,0,0,0,0,0,0,1,0,0,0,0,0,0,0,0,0,0,0,5,0,1,0,0,0,0,0,0,0,0,0,0,0,0,0,0,0,0,0,0,0,0,0,0,5,0,5,0,1,0,0,-1,5,0,0,5,0,0,0,1,0,0,5,0,0,0,5,0,5,0,0,0,0,0,0,0,0,5,0,0,0,0,0,0,0,0,0,0,5,3,0,0,0,0,0,0,0,0,0,0,0,0,0,1,0,0,0,5,0,0,0,0,1,0,1,1,0,0,0,0,0,0,1,0,0,0,0,0,5,5,0,0,0,0,5,0,0,5,0
Mexico,5,0,0,0,0,5,0,5,0,0,0,0,1,3,5,1,0,0,1,1,0,0,0,0,0,0,0,1,0,0,0,0,0,5,0,0,0,0,0,0,0,0,0,0,0,0,0,0,0,0,0,0,0,0,5,0,0,1,5,0,0,0,0,0,0,0,0,1,0,0,0,0,0,0,0,0,0,0,0,5,0,1,0,0,0,1,0,0,0,0,0,0,0,0,0,0,0,0,0,0,0,0,0,0,5,0,5,0,1,0,0,0,-1,0,0,5,0,0,0,1,0,0,5,0,0,0,5,0,5,0,0,0,0,0,0,0,0,5,0,0,0,0,0,0,0,0,0,0,5,3,0,0,0,0,0,0,0,0,0,0,0,0,0,1,0,0,0,5,0,0,0,0,1,0,1,1,0,0,0,0,0,0,1,0,0,0,0,0,5,5,0,0,0,0,5,0,0,5,0
Micronesia,5,0,0,0,0,5,0,5,0,0,0,0,1,3,5,1,0,0,1,1,0,0,0,0,0,0,0,1,0,0,0,0,0,5,0,0,0,0,0,0,0,0,0,0,0,0,0,0,0,0,0,0,0,0,5,0,0,1,5,0,0,0,0,0,0,0,0,1,0,0,0,0,0,0,0,0,0,0,0,5,0,1,0,0,0,1,0,0,0,0,0,0,0,0,0,0,0,0,0,0,0,0,0,0,5,0,5,0,1,0,0,0,5,-1,0,5,0,0,0,1,0,0,5,0,0,0,5,0,5,0,0,0,0,0,0,0,0,5,0,0,0,0,0,0,0,0,0,0,5,3,0,0,0,0,0,0,0,0,0,0,0,0,0,1,0,0,0,5,0,0,0,0,1,0,1,1,0,0,0,0,0,0,1,0,0,0,0,0,5,5,0,0,0,0,5,0,0,5,0
Moldova,5,0,0,0,0,5,0,5,0,0,0,0,1,3,1,1,0,0,1,1,0,0,0,0,0,0,0,1,0,0,0,0,0,5,0,0,0,0,0,0,0,0,0,0,0,0,0,0,0,0,0,0,0,0,5,0,0,1,5,0,0,0,0,0,0,0,0,1,0,0,0,0,0,0,0,0,0,0,0,5,0,1,0,0,0,0,0,0,0,0,0,0,0,0,0,0,0,0,0,0,0,0,0,0,5,0,5,0,1,0,0,0,5,0,-1,5,0,0,0,1,0,0,5,0,0,0,5,0,5,0,0,0,0,0,0,0,0,5,0,0,0,0,0,0,0,0,0,0,5,3,0,0,0,0,0,0,0,0,0,0,0,0,0,1,0,0,0,5,0,0,0,0,1,0,1,1,0,0,0,0,0,0,0,0,0,0,0,0,5,5,0,0,0,0,0,0,0,5,0
Monaco,5,0,0,0,0,5,0,5,0,0,0,0,1,3,1,1,0,0,1,1,0,0,0,0,0,0,0,1,0,0,0,0,0,5,0,0,0,0,0,0,0,0,0,0,0,0,0,0,0,0,0,0,0,0,5,0,0,1,5,0,0,0,0,0,0,0,0,1,0,0,0,0,0,0,0,0,0,0,0,5,0,1,0,0,0,0,0,0,0,0,0,0,0,0,0,0,0,0,0,0,0,0,0,0,5,0,5,0,1,0,0,0,5,0,0,-1,0,0,0,1,0,0,5,0,0,0,5,0,5,0,0,0,0,0,0,0,0,5,0,0,0,0,0,0,0,0,0,0,5,3,0,0,0,0,0,0,0,0,0,0,0,0,0,1,0,0,0,5,0,0,0,0,1,0,1,1,0,0,0,0,0,0,1,0,0,0,0,0,5,5,0,0,0,0,0,0,0,5,0
Mongolia,5,0,0,0,0,5,0,5,0,0,0,0,1,3,5,1,0,0,1,1,0,0,0,0,0,0,0,1,0,0,0,0,0,5,0,0,0,0,0,0,0,0,0,0,0,0,0,0,0,0,0,0,0,0,5,0,0,1,5,0,0,0,0,0,0,0,0,1,0,0,0,0,0,0,0,0,0,0,0,5,0,1,0,0,0,1,0,0,0,0,0,0,0,0,0,0,0,0,0,0,0,0,0,0,5,0,5,0,1,0,0,0,5,0,0,5,-1,0,0,1,0,0,5,0,0,0,5,0,5,0,0,0,0,0,0,0,0,5,0,0,0,0,0,0,0,0,0,0,5,3,0,0,0,0,0,0,0,0,0,0,0,0,0,1,0,0,0,5,0,0,0,0,1,0,1,1,0,0,0,0,0,0,0,0,0,0,0,0,5,5,0,0,0,0,5,0,0,5,0
Montenegro,5,0,0,0,0,5,0,5,0,0,0,0,1,3,1,1,0,0,1,1,0,0,0,0,0,0,0,1,0,0,0,0,0,5,0,0,0,0,0,0,0,0,0,0,0,0,0,0,0,0,0,0,0,0,5,0,0,1,5,0,0,0,0,0,0,0,0,1,0,0,0,0,0,0,0,0,0,0,0,5,0,1,0,0,0,0,0,0,0,0,0,0,0,0,0,0,0,0,0,0,0,0,0,0,5,0,5,0,1,0,0,0,5,0,0,5,0,-1,0,1,0,0,5,0,0,0,5,0,5,0,0,0,0,0,0,0,0,5,0,0,0,0,0,0,0,0,0,0,5,3,0,0,0,0,0,0,0,0,0,0,0,0,0,1,0,0,0,5,0,0,0,0,1,0,1,1,0,0,0,0,0,0,0,0,0,0,0,0,5,5,0,0,0,0,5,0,0,5,0
Morocco,5,0,0,0,0,5,0,5,0,0,0,0,1,3,5,1,0,0,1,1,0,0,0,0,0,0,0,1,0,0,0,0,0,5,0,0,0,0,0,0,0,0,0,0,0,0,0,0,0,0,0,0,0,0,5,0,0,1,5,0,0,0,0,0,0,0,0,1,0,0,0,0,0,0,0,0,0,0,0,5,0,1,0,0,0,0,0,0,0,0,0,0,0,0,0,0,0,0,0,0,0,0,0,0,5,0,5,0,1,0,0,0,5,0,0,5,0,0,-1,1,0,0,5,0,0,0,5,0,5,0,0,0,0,0,0,0,0,5,0,0,0,0,0,0,0,0,0,0,5,3,0,0,0,0,0,0,0,0,0,0,0,0,0,1,0,0,0,5,0,0,0,0,0,0,1,1,0,0,0,0,0,0,0,0,0,0,0,0,5,5,0,0,0,0,5,0,0,5,0
Mozambique,5,0,0,0,0,5,0,5,0,0,0,0,1,3,5,1,0,0,1,1,0,0,0,0,0,0,0,1,0,0,0,0,0,5,0,0,0,0,0,0,0,0,0,0,0,0,0,0,0,0,0,0,0,0,5,0,0,1,5,0,0,0,0,0,0,0,0,1,0,0,0,0,0,0,0,0,0,0,0,5,0,1,0,0,0,1,0,0,0,0,0,0,0,0,0,0,0,0,0,0,0,0,0,0,5,0,5,0,1,0,0,0,5,0,0,5,0,0,0,-1,0,0,5,0,0,0,5,0,5,0,0,0,0,0,0,0,0,5,0,0,0,0,0,0,0,0,0,0,5,3,0,0,0,0,0,0,0,0,0,0,0,0,0,1,0,0,0,5,0,0,0,0,1,0,1,1,0,0,0,0,0,0,1,0,0,0,0,0,5,5,0,0,0,0,5,0,0,5,0
Myanmar,5,0,0,0,0,5,0,5,0,0,0,0,1,3,5,1,0,0,1,1,0,0,0,0,0,0,0,1,0,0,0,0,0,5,0,0,0,0,0,0,0,0,0,0,0,0,0,0,0,0,0,0,0,0,5,0,0,1,5,0,0,0,0,0,0,0,0,1,0,0,0,0,0,0,0,0,0,0,0,5,0,1,0,0,0,1,0,0,0,0,0,0,0,0,0,0,0,0,0,0,0,0,0,0,5,0,5,0,1,0,0,0,5,0,0,5,0,0,0,1,-1,0,5,0,0,0,5,0,5,0,0,0,0,0,0,0,0,5,0,0,0,0,0,0,0,0,0,0,5,3,0,0,0,0,0,0,0,0,0,0,0,0,0,1,0,0,0,5,0,0,0,0,1,0,1,1,0,0,0,0,0,0,1,0,0,0,0,0,5,5,0,0,0,0,5,0,0,5,0
Namibia,5,0,0,0,0,5,0,5,0,0,0,0,1,3,5,1,0,0,1,1,0,0,0,0,0,0,0,1,0,0,0,0,0,5,0,0,0,0,0,0,0,0,0,0,0,0,0,0,0,0,0,0,0,0,5,0,0,1,5,0,0,0,0,0,0,0,0,1,0,0,0,0,0,0,0,0,0,0,0,5,0,1,0,0,0,1,0,0,0,0,0,0,0,0,0,0,0,0,0,0,0,0,0,0,5,0,5,0,1,0,0,0,5,0,0,5,0,0,0,1,0,-1,5,0,0,0,5,0,5,0,0,0,0,0,0,0,0,5,0,0,0,0,0,0,0,0,0,0,5,3,0,0,0,0,0,0,0,0,0,0,0,0,0,1,0,0,0,5,0,0,0,0,1,0,1,1,0,0,0,0,0,0,1,0,0,0,0,0,5,5,0,0,0,0,5,0,0,5,0
Nauru,5,0,0,0,0,5,0,5,0,0,0,0,1,3,5,1,0,0,1,1,0,0,0,0,0,0,0,1,0,0,0,0,0,5,0,0,0,0,0,0,0,0,0,0,0,0,0,0,0,0,0,0,0,0,5,0,0,1,5,0,0,0,0,0,0,0,0,1,0,0,0,0,0,0,0,0,0,0,0,5,0,1,0,0,0,1,0,0,0,0,0,0,0,0,0,0,0,0,0,0,0,0,0,0,5,0,5,0,1,0,0,0,5,0,0,5,0,0,0,1,0,0,-1,0,0,0,5,0,5,0,0,0,0,0,0,0,0,5,0,0,0,0,0,0,0,0,0,0,5,3,0,0,0,0,0,0,0,0,0,0,0,0,0,1,0,0,0,5,0,0,0,0,1,0,1,1,0,0,0,0,0,0,1,0,0,0,0,0,5,5,0,0,0,0,5,0,0,5,0
Nepal,5,0,0,0,0,5,0,5,0,0,0,0,1,3,5,1,0,0,1,1,0,0,0,0,0,0,0,1,0,0,0,0,0,5,0,0,0,0,0,0,0,0,0,0,0,0,0,0,0,0,0,0,0,0,5,0,0,1,5,0,0,0,0,0,0,0,0,1,0,0,0,0,0,0,0,0,0,0,0,5,0,1,0,0,0,1,0,0,0,0,0,0,0,0,0,0,0,0,0,0,0,0,0,0,5,0,5,0,1,0,0,0,5,0,0,5,0,0,0,1,0,0,5,-1,0,0,5,0,5,0,0,0,0,0,0,0,0,5,0,0,0,0,0,0,0,0,0,0,5,3,0,0,0,0,0,0,0,0,0,0,0,0,0,1,0,0,0,5,0,0,0,0,1,0,1,1,0,0,0,0,0,0,0,0,0,0,0,0,5,5,0,0,0,0,5,0,0,5,0
Netherlands,5,0,0,0,0,0,0,0,0,3,0,0,0,0,1,1,0,0,1,1,0,0,0,0,0,0,0,1,0,0,0,0,0,5,0,0,0,0,0,0,0,0,0,0,0,0,0,0,0,0,0,0,0,0,5,0,0,1,0,0,0,0,0,0,0,0,1,0,0,0,0,0,0,0,0,0,5,0,0,5,0,1,0,0,0,0,0,0,0,0,0,0,0,0,0,0,0,0,0,0,0,0,0,0,5,0,5,0,1,0,0,0,5,0,0,5,0,0,0,1,0,0,5,0,-1,0,5,0,0,0,0,1,0,0,0,0,0,5,0,0,0,0,0,0,0,0,0,0,5,0,0,0,0,0,0,0,0,0,0,0,0,0,0,1,0,5,0,1,0,0,5,5,1,0,1,1,0,0,0,0,0,0,0,0,0,0,0,0,5,0,0,0,0,0,0,0,0,5,0
New Zealand,5,0,0,0,0,5,0,5,0,0,0,0,1,3,5,1,0,0,1,1,0,0,0,0,0,0,0,1,0,0,0,0,0,5,0,0,0,0,0,0,0,0,0,0,0,0,0,0,0,0,0,0,0,0,5,0,0,1,5,0,0,0,0,0,0,0,0,1,0,0,0,0,0,0,0,0,0,0,0,5,0,1,0,0,0,0,0,0,0,0,0,0,0,0,0,0,0,0,0,0,0,0,0,0,5,0,5,0,1,0,0,0,5,0,0,5,0,0,0,1,0,0,5,0,0,-1,5,0,5,0,0,0,0,0,0,0,0,5,0,0,0,0,0,0,0,0,0,0,5,3,0,0,0,0,0,0,0,0,0,0,0,0,0,1,0,0,0,5,0,0,0,0,1,0,1,1,0,0,0,0,0,0,1,0,0,0,0,0,5,5,0,0,0,0,5,0,0,5,0
Nicaragua,5,0,0,0,0,5,0,5,0,0,0,0,1,3,5,1,0,0,1,1,0,0,0,0,0,0,0,1,0,0,0,0,0,5,0,0,0,0,0,0,0,0,0,0,0,0,0,0,0,0,0,0,0,0,5,0,0,1,5,0,0,0,0,0,0,0,0,1,0,0,0,0,0,0,0,0,0,0,0,5,0,1,0,0,0,1,0,0,0,0,0,0,0,0,0,0,0,0,0,0,0,0,0,0,5,0,5,0,1,0,0,0,5,0,0,5,0,0,0,1,0,0,5,0,0,0,-1,0,5,0,0,0,0,0,0,0,0,5,0,0,0,0,0,0,0,0,0,0,5,3,0,0,0,0,0,0,0,0,0,0,0,0,0,1,0,0,0,5,0,0,0,0,1,0,1,1,0,0,0,0,0,0,1,0,0,0,0,0,5,5,0,0,0,0,5,0,0,5,0
Niger,5,0,0,0,0,5,0,5,0,0,0,0,1,3,5,1,0,0,1,1,0,0,0,0,0,0,0,1,0,0,0,0,0,5,0,0,0,0,0,0,0,0,0,0,0,0,0,0,0,0,0,0,0,0,5,0,0,1,5,0,0,0,0,0,0,0,0,1,0,0,0,0,0,0,0,0,0,0,0,5,0,1,0,0,0,1,0,0,0,0,0,0,0,0,0,0,0,0,0,0,0,0,0,0,5,0,5,0,1,0,0,0,5,0,0,5,0,0,0,1,0,0,5,0,0,0,5,-1,5,0,0,0,0,0,0,0,0,5,0,0,0,0,0,0,0,0,0,0,5,3,0,0,0,0,0,0,0,0,0,0,0,0,0,1,0,0,0,5,0,0,0,0,1,0,1,1,0,0,0,0,0,0,0,0,0,0,0,0,5,5,0,0,0,0,5,0,0,5,0
Nigeria,5,0,0,0,0,5,0,5,0,0,0,0,1,3,5,1,0,0,1,1,0,0,0,0,0,0,0,1,0,0,0,0,0,5,0,0,0,0,0,0,0,0,0,0,0,0,0,0,0,0,0,0,0,0,5,0,0,1,5,0,0,0,0,0,0,0,0,1,0,0,0,0,0,0,0,0,0,0,0,5,0,1,0,0,0,1,0,0,0,0,0,0,0,0,0,0,0,0,0,0,0,0,0,0,5,0,5,0,1,0,0,0,5,0,0,5,0,0,0,1,0,0,5,0,0,0,5,0,-1,0,0,0,0,0,0,0,0,5,0,0,0,0,0,0,0,0,0,0,5,3,0,0,0,0,0,0,0,0,0,0,0,0,0,1,0,0,0,5,0,0,0,0,1,0,1,1,0,0,0,0,0,0,1,0,0,0,0,0,5,5,0,0,0,0,5,0,0,5,0
North Korea,5,0,0,0,0,5,0,5,0,0,0,0,1,3,5,1,0,0,1,1,0,0,0,0,0,0,0,1,0,0,0,0,0,5,0,0,0,0,0,0,0,0,0,0,0,0,0,0,0,0,0,0,0,0,5,0,0,1,5,0,0,0,0,0,0,0,0,1,0,0,0,0,0,0,0,0,0,0,0,5,0,1,0,0,0,1,0,0,0,0,0,0,0,0,0,0,0,0,0,0,0,0,0,0,5,0,5,0,1,0,0,0,5,0,0,5,0,0,0,1,0,0,5,0,0,0,5,0,5,-1,0,0,0,0,0,0,0,5,0,0,0,0,0,0,0,0,0,0,5,3,0,0,0,0,0,0,0,0,0,0,0,0,0,1,0,0,0,5,0,0,0,0,1,0,1,1,0,0,0,0,0,0,1,0,0,0,0,0,5,5,0,0,0,0,5,0,0,5,0
North Macedonia,5,0,0,0,0,5,0,5,0,0,0,0,1,3,1,1,0,0,1,1,0,0,0,0,0,0,0,1,0,0,0,0,0,5,0,0,0,0,0,0,0,0,0,0,0,0,0,0,0,0,0,0,0,0,5,0,0,1,5,0,0,0,0,0,0,0,0,1,0,0,0,0,0,0,0,0,0,0,0,5,0,1,0,0,0,0,0,0,0,0,0,0,0,0,0,0,0,0,0,0,0,0,0,0,5,0,5,0,1,0,0,0,5,0,0,5,0,0,0,1,0,0,5,0,0,0,5,0,5,0,-1,0,0,0,0,0,0,5,0,0,0,0,0,0,0,0,0,0,5,3,0,0,0,0,0,0,0,0,0,0,0,0,0,1,0,0,0,5,0,0,0,0,1,0,1,1,0,0,0,0,0,0,0,0,0,0,0,0,5,5,0,0,0,0,0,0,0,5,0
Norway,5,0,0,0,0,5,0,0,0,3,0,0,0,3,1,1,0,0,1,1,0,0,0,0,0,5,0,1,0,0,0,0,0,5,0,0,0,0,0,0,0,0,0,0,0,0,0,0,0,0,0,0,0,0,5,0,0,1,5,0,0,0,0,0,0,0,1,1,0,0,0,0,0,0,0,0,5,0,0,5,0,1,0,0,0,0,0,0,0,0,0,0,0,0,0,0,0,0,0,0,0,0,0,0,5,0,5,0,1,0,0,0,5,0,0,5,0,0,0,1,0,0,5,0,5,0,5,0,0,0,0,-1,0,0,0,0,0,5,0,0,0,0,0,0,0,0,0,0,5,0,0,0,0,0,0,0,0,0,0,0,0,0,0,1,0,5,0,5,0,0,5,5,1,0,1,1,0,0,0,0,0,0,0,0,0,0,0,0,5,0,0,0,0,0,0,0,0,5,0
Oman,5,0,0,0,0,5,0,5,0,0,0,0,1,3,5,1,0,0,1,1,0,0,0,0,0,0,0,1,0,0,0,0,0,5,0,0,0,0,0,0,0,0,0,0,0,0,0,0,0,0,0,0,0,0,5,0,0,1,5,0,0,0,0,0,0,0,0,1,0,0,0,0,0,0,0,0,0,0,0,5,0,1,0,0,0,1,0,0,0,0,0,0,0,0,0,0,0,0,0,0,0,0,0,0,5,0,5,0,1,0,0,0,5,0,0,5,0,0,0,1,0,0,5,0,0,0,5,0,5,0,0,0,-1,0,0,0,0,5,0,0,0,0,0,0,0,0,0,0,5,3,0,0,0,0,0,0,0,0,0,0,0,0,0,1,0,0,0,5,0,0,0,0,1,0,1,1,0,0,0,0,0,0,0,0,0,0,0,0,5,5,0,0,0,0,5,0,0,5,0
Pakistan,5,0,0,0,0,5,0,5,0,0,0,0,1,3,5,1,0,0,1,1,0,0,0,0,0,0,0,1,0,0,0,0,0,5,0,0,0,0,0,0,0,0,0,0,0,0,0,0,0,0,0,0,0,0,5,0,0,1,5,0,0,0,0,0,0,0,0,1,0,0,0,0,0,0,0,0,0,0,0,5,0,1,0,0,0,1,0,0,0,0,0,0,0,0,0,0,0,0,0,0,0,0,0,0,5,0,5,0,1,0,0,0,5,0,0,5,0,0,0,1,0,0,5,0,0,0,5,0,5,0,0,0,0,-1,0,0,0,5,0,0,0,0,0,0,0,0,0,0,5,3,0,0,0,0,0,0,0,0,0,0,0,0,0,1,0,0,0,5,0,0,0,0,1,0,1,1,0,0,0,0,0,0,1,0,0,0,0,0,5,5,0,0,0,0,5,0,0,5,0
Palau,5,0,0,0,0,5,0,5,0,0,0,0,1,3,5,1,0,0,1,1,0,0,0,0,0,0,0,1,0,0,0,0,0,5,0,0,0,0,0,0,0,0,0,0,0,0,0,0,0,0,0,0,0,0,5,0,0,1,5,0,0,0,0,0,0,0,0,1,0,0,0,0,0,0,0,0,0,0,0,5,0,1,0,0,0,1,0,0,0,0,0,0,0,0,0,0,0,0,0,0,0,0,0,0,5,0,5,0,1,0,0,0,5,0,0,5,0,0,0,1,0,0,5,0,0,0,5,0,5,0,0,0,0,0,-1,0,0,5,0,0,0,0,0,0,0,0,0,0,5,3,0,0,0,0,0,0,0,0,0,0,0,0,0,1,0,0,0,5,0,0,0,0,1,0,1,1,0,0,0,0,0,0,1,0,0,0,0,0,5,5,0,0,0,0,5,0,0,5,0
Palestine,5,0,0,0,0,5,0,5,0,0,0,0,1,3,5,1,0,0,1,1,0,0,0,0,0,0,0,1,0,0,0,0,0,5,0,0,0,0,0,0,0,0,0,0,0,0,0,0,0,0,0,0,0,0,5,0,0,1,5,0,0,0,0,0,0,0,0,1,0,0,0,0,0,0,0,0,0,0,0,5,0,1,0,0,0,1,0,0,0,0,0,0,0,0,0,0,0,0,0,0,0,0,0,0,5,0,5,0,1,0,0,0,5,0,0,5,0,0,0,1,0,0,5,0,0,0,5,0,5,0,0,0,0,0,0,-1,0,5,0,0,0,0,0,0,0,0,0,0,5,3,0,0,0,0,0,0,0,0,0,0,0,0,0,1,0,0,0,5,0,0,0,0,1,0,1,1,0,0,0,0,0,0,1,0,0,0,0,0,5,5,0,0,0,0,5,0,0,5,0
Panama,5,0,0,0,0,5,0,5,0,0,0,0,1,3,5,1,0,0,1,1,0,0,0,0,0,0,0,1,0,0,0,0,0,5,0,0,0,0,0,0,0,0,0,0,0,0,0,0,0,0,0,0,0,0,5,0,0,1,5,0,0,0,0,0,0,0,0,1,0,0,0,0,0,0,0,0,0,0,0,5,0,1,0,0,0,0,0,0,0,0,0,0,0,0,0,0,0,0,0,0,0,0,0,0,5,0,5,0,1,0,0,0,5,0,0,5,0,0,0,1,0,0,5,0,0,0,5,0,5,0,0,0,0,0,0,0,-1,5,0,0,0,0,0,0,0,0,0,0,5,3,0,0,0,0,0,0,0,0,0,0,0,0,0,1,0,0,0,5,0,0,0,0,1,0,1,1,0,0,0,0,0,0,0,0,0,0,0,0,5,5,0,0,0,0,0,0,0,5,0
Papua New Guinea,5,0,0,0,0,5,0,5,0,0,0,0,1,3,5,1,0,0,1,1,0,0,0,0,0,0,0,1,0,0,0,0,0,5,0,0,0,0,0,0,0,0,0,0,0,0,0,0,0,0,0,0,0,0,5,0,0,1,5,0,0,0,0,0,0,0,0,1,0,0,0,0,0,0,0,0,0,0,0,5,0,1,0,0,0,1,0,0,0,0,0,0,0,0,0,0,0,0,0,0,0,0,0,0,5,0,5,0,1,0,0,0,5,0,0,5,0,0,0,1,0,0,5,0,0,0,5,0,5,0,0,0,0,0,0,0,0,-1,0,0,0,0,0,0,0,0,0,0,5,3,0,0,0,0,0,0,0,0,0,0,0,0,0,1,0,0,0,5,0,0,0,0,1,0,1,1,0,0,0,0,0,0,1,0,0,0,0,0,5,5,0,0,0,0,5,0,0,5,0
Paraguay,5,0,0,0,0,5,0,5,0,0,0,0,1,3,5,1,0,0,1,1,0,0,0,0,0,0,0,1,0,0,0,0,0,5,0,0,0,0,0,0,0,0,0,0,0,0,0,0,0,0,0,0,0,0,5,0,0,1,5,0,0,0,0,0,0,0,0,1,0,0,0,0,0,0,0,0,0,0,0,5,0,1,0,0,0,1,0,0,0,0,0,0,0,0,0,0,0,0,0,0,0,0,0,0,5,0,5,0,1,0,0,0,5,0,0,5,0,0,0,1,0,0,5,0,0,0,5,0,5,0,0,0,0,0,0,0,0,5,-1,0,0,0,0,0,0,0,0,0,5,3,0,0,0,0,0,0,0,0,0,0,0,0,0,1,0,0,0,5,0,0,0,0,1,0,1,1,0,0,0,0,0,0,1,0,0,0,0,0,5,5,0,0,0,0,5,0,0,5,0
Peru,5,0,0,0,0,5,0,5,0,0,0,0,1,3,5,1,0,0,1,1,0,0,0,0,0,0,0,1,0,0,0,0,0,5,0,0,0,0,0,0,0,0,0,0,0,0,0,0,0,0,0,0,0,0,5,0,0,1,5,0,0,0,0,0,0,0,0,1,0,0,0,0,0,0,0,0,0,0,0,5,0,1,0,0,0,1,0,0,0,0,0,0,0,0,0,0,0,0,0,0,0,0,0,0,5,0,5,0,1,0,0,0,5,0,0,5,0,0,0,1,0,0,5,0,0,0,5,0,5,0,0,0,0,0,0,0,0,5,0,-1,0,0,0,0,0,0,0,0,5,3,0,0,0,0,0,0,0,0,0,0,0,0,0,1,0,0,0,5,0,0,0,0,1,0,1,1,0,0,0,0,0,0,0,0,0,0,0,0,5,5,0,0,0,0,5,0,0,5,0
Philippines,5,0,0,0,0,5,0,5,0,0,0,0,1,3,5,1,0,0,1,1,0,0,0,0,0,0,0,1,0,0,0,0,0,5,0,0,0,0,0,0,0,0,0,0,0,0,0,0,0,0,0,0,0,0,5,0,0,1,5,0,0,0,0,0,0,0,0,1,0,0,0,0,0,0,0,0,0,0,0,5,0,1,0,0,0,0,0,0,0,0,0,0,0,0,0,0,0,0,0,0,0,0,0,0,5,0,5,0,1,0,0,0,5,0,0,5,0,0,0,1,0,0,5,0,0,0,5,0,5,0,0,0,0,0,0,0,0,5,0,0,-1,0,0,0,0,0,0,0,5,3,0,0,0,0,0,0,0,0,0,0,0,0,0,1,0,0,0,5,0,0,0,0,1,0,1,1,0,0,0,0,0,0,0,0,0,0,0,0,5,5,0,0,0,0,5,0,0,5,0
Poland,5,0,0,0,0,0,0,0,0,3,0,0,0,0,1,1,0,0,1,1,0,0,0,0,0,5,0,1,0,0,0,0,0,5,0,0,0,0,0,0,0,0,0,0,0,0,0,0,0,0,0,0,0,0,5,0,0,1,0,0,0,0,0,0,0,0,1,0,0,0,0,0,0,0,0,0,5,0,0,5,0,1,0,0,0,0,0,0,0,0,0,0,0,0,0,0,0,0,0,0,0,0,0,0,5,0,5,0,1,0,0,0,5,0,0,5,0,0,0,1,0,0,5,0,5,0,5,0,5,0,0,1,0,0,0,0,0,5,0,0,0,-1,0,0,0,0,0,0,5,3,0,0,0,0,0,0,0,0,0,0,0,0,0,1,0,5,0,1,0,0,5,5,1,0,1,1,0,0,0,0,0,0,0,0,0,0,0,0,5,0,0,0,0,0,0,0,0,5,0
Portugal,5,0,0,0,0,0,0,0,0,3,0,0,0,0,1,1,0,0,1,1,0,0,0,0,0,5,0,1,0,0,0,0,0,5,0,0,0,0,0,0,0,0,0,0,0,0,0,0,0,0,0,0,0,0,5,0,0,1,0,0,0,0,0,0,0,0,1,0,0,0,0,0,0,0,0,0,5,0,0,5,0,1,0,0,0,0,0,0,0,0,0,0,0,0,0,0,0,0,0,0,0,0,0,0,5,0,5,0,1,0,0,0,5,0,0,5,0,0,0,1,0,0,5,0,5,0,5,0,5,0,0,1,0,0,0,0,0,5,0,0,0,0,-1,0,0,0,0,0,5,3,0,0,0,0,0,0,0,0,0,0,0,0,0,1,0,5,0,1,0,0,5,5,1,0,1,1,0,0,0,0,0,0,0,0,0,0,0,0,5,0,0,0,0,0,0,0,0,5,0
Qatar,5,0,0,0,0,5,0,5,0,0,0,0,1,3,5,1,0,0,1,1,0,0,0,0,0,0,0,1,0,0,0,0,0,5,0,0,0,0,0,0,0,0,0,0,0,0,0,0,0,0,0,0,0,0,5,0,0,1,5,0,0,0,0,0,0,0,0,1,0,0,0,0,0,0,0,0,0,0,0,5,0,1,0,0,0,1,0,0,0,0,0,0,0,0,0,0,0,0,0,0,0,0,0,0,5,0,5,0,1,0,0,0,5,0,0,5,0,0,0,1,0,0,5,0,0,0,5,0,5,0,0,0,0,0,0,0,0,5,0,0,0,0,0,-1,0,0,0,0,5,0,0,0,0,0,0,0,0,0,0,0,0,0,0,1,0,0,0,5,0,0,0,0,0,0,1,1,0,0,0,0,0,0,1,0,0,0,0,0,5,5,0,0,0,0,5,0,0,5,0
Romania,5,0,0,0,0,0,0,0,0,3,0,0,1,0,1,1,0,0,1,1,0,0,0,0,0,5,0,1,0,0,0,0,0,5,0,0,0,0,0,0,0,0,0,0,0,0,0,0,0,0,0,0,0,0,5,0,0,1,0,0,0,0,0,0,0,0,1,0,0,0,0,0,0,0,0,0,0,0,0,5,0,1,0,0,0,0,0,0,0,0,0,0,0,0,0,0,0,0,0,0,0,0,0,0,5,0,5,0,1,0,0,0,5,0,0,5,0,0,0,1,0,0,5,0,0,0,5,0,5,0,0,1,0,0,0,0,0,5,0,0,0,0,0,0,-1,0,0,0,5,3,0,0,0,0,0,0,0,0,0,0,0,0,0,1,0,5,0,1,0,0,5,0,1,0,1,1,0,0,0,0,0,0,1,0,0,0,0,0,5,5,0,0,0,0,0,0,0,5,0
Russian Federation,5,0,0,0,0,5,0,0,0,0,0,0,1,3,5,1,0,0,1,1,0,0,0,0,0,0,0,1,0,0,0,0,0,5,0,0,0,0,0,0,0,0,0,0,0,0,0,0,0,0,0,0,0,0,5,0,0,1,5,0,0,0,0,0,0,0,0,1,0,0,0,0,0,0,0,0,0,0,0,5,0,1,0,0,0,1,0,0,0,0,0,0,0,0,0,0,0,0,0,0,0,0,0,0,5,0,5,0,1,0,0,0,5,0,0,5,0,0,0,1,0,0,5,0,0,0,5,0,5,0,0,0,0,0,0,0,0,5,0,0,0,0,0,0,0,-1,0,0,5,3,0,0,0,0,0,0,0,0,0,0,0,0,0,1,0,0,0,5,0,0,0,0,1,0,1,1,0,0,0,0,0,0,1,0,0,0,0,0,5,5,0,0,0,0,5,0,0,5,0
Rwanda,5,0,0,0,0,5,0,5,0,0,0,0,1,3,5,1,0,0,1,1,0,0,0,0,0,0,0,1,0,0,0,0,0,5,0,0,0,0,0,0,0,0,0,0,0,0,0,0,0,0,0,0,0,0,5,0,0,1,5,0,0,0,0,0,0,0,0,1,0,0,0,0,0,0,0,0,0,0,0,5,0,1,0,0,0,1,0,0,0,0,0,0,0,0,0,0,0,0,0,0,0,0,0,0,5,0,5,0,1,0,0,0,5,0,0,5,0,0,0,1,0,0,5,0,0,0,5,0,5,0,0,0,0,0,0,0,0,5,0,0,0,0,0,0,0,0,-1,0,5,3,0,0,0,0,0,0,0,0,0,0,0,0,0,1,0,0,0,5,0,0,0,0,1,0,1,1,0,0,0,0,0,0,1,0,0,0,0,0,5,5,0,0,0,0,5,0,0,5,0
Saint Kitts and Nevis,5,0,0,0,0,5,0,5,0,0,0,0,1,3,5,1,0,0,1,1,0,0,0,0,0,0,0,1,0,0,0,0,0,5,0,0,0,0,0,0,0,0,0,0,0,0,0,0,0,0,0,0,0,0,5,0,0,1,5,0,0,0,0,0,0,0,0,1,0,0,0,0,0,0,0,0,0,0,0,5,0,1,0,0,0,1,0,0,0,0,0,0,0,0,0,0,0,0,0,0,0,0,0,0,5,0,5,0,1,0,0,0,5,0,0,5,0,0,0,1,0,0,5,0,0,0,5,0,5,0,0,0,0,0,0,0,0,5,0,0,0,0,0,0,0,0,0,-1,5,3,0,0,0,0,0,0,0,0,0,0,0,0,0,1,0,0,0,5,0,0,0,0,1,0,1,1,0,0,0,0,0,0,1,0,0,0,0,0,5,5,0,0,0,0,5,0,0,5,0
Saint Lucia,5,0,0,0,0,5,0,5,0,0,0,0,1,3,5,1,0,0,1,1,0,0,0,0,0,0,0,1,0,0,0,0,0,5,0,0,0,0,0,0,0,0,0,0,0,0,0,0,0,0,0,0,0,0,5,0,0,1,5,0,0,0,0,0,0,0,0,1,0,0,0,0,0,0,0,0,0,0,0,5,0,1,0,0,0,1,0,0,0,0,0,0,0,0,0,0,0,0,0,0,0,0,0,0,5,0,5,0,1,0,0,0,5,0,0,5,0,0,0,1,0,0,5,0,0,0,5,0,5,0,0,0,0,0,0,0,0,5,0,0,0,0,0,0,0,0,0,0,-1,3,0,0,0,0,0,0,0,0,0,0,0,0,0,1,0,0,0,5,0,0,0,0,1,0,1,1,0,0,0,0,0,0,1,0,0,0,0,0,5,5,0,0,0,0,5,0,0,5,0
Samoa,5,0,0,0,0,5,0,5,0,0,0,0,1,3,5,1,0,0,1,1,0,0,0,0,0,0,0,1,0,0,0,0,0,5,0,0,0,0,0,0,0,0,0,0,0,0,0,0,0,0,0,0,0,0,5,0,0,1,5,0,0,0,0,0,0,0,0,1,0,0,0,0,0,0,0,0,0,0,0,5,0,1,0,0,0,1,0,0,0,0,0,0,0,0,0,0,0,0,0,0,0,0,0,0,5,0,5,0,1,0,0,0,5,0,0,5,0,0,0,1,0,0,5,0,0,0,5,0,5,0,0,0,0,0,0,0,0,5,0,0,0,0,0,0,0,0,0,0,5,-1,0,0,0,0,0,0,0,0,0,0,0,0,0,1,0,0,0,5,0,0,0,0,1,0,1,1,0,0,0,0,0,0,1,0,0,0,0,0,5,5,0,0,0,0,5,0,0,5,0
San Marino,5,0,0,0,0,5,0,5,0,0,0,0,1,3,1,1,0,0,1,1,0,0,0,0,0,0,0,1,0,0,0,0,0,5,0,0,0,0,0,0,0,0,0,0,0,0,0,0,0,0,0,0,0,0,5,0,0,1,5,0,0,0,0,0,0,0,0,1,0,0,0,0,0,0,0,0,0,0,0,5,0,1,0,0,0,0,0,0,0,0,0,0,0,0,0,0,0,0,0,0,0,0,0,0,5,0,5,0,1,0,0,0,5,0,0,5,0,0,0,1,0,0,5,0,0,0,5,0,5,0,0,0,0,0,0,0,0,5,0,0,0,0,0,0,0,0,0,0,5,3,-1,0,0,0,0,0,0,0,0,0,0,0,0,1,0,0,0,5,0,0,0,0,1,0,1,1,0,0,0,0,0,0,1,0,0,0,0,0,5,5,0,0,0,0,5,0,0,5,0
Sao Tome and Principe,5,0,0,0,0,5,0,5,0,0,0,0,1,3,5,1,0,0,1,1,0,0,0,0,0,0,0,1,0,0,0,0,0,5,0,0,0,0,0,0,0,0,0,0,0,0,0,0,0,0,0,0,0,0,5,0,0,1,5,0,0,0,0,0,0,0,0,1,0,0,0,0,0,0,0,0,0,0,0,5,0,1,0,0,0,1,0,0,0,0,0,0,0,0,0,0,0,0,0,0,0,0,0,0,5,0,5,0,1,0,0,0,5,0,0,5,0,0,0,1,0,0,5,0,0,0,5,0,5,0,0,0,0,0,0,0,0,5,0,0,0,0,0,0,0,0,0,0,5,3,0,-1,0,0,0,0,0,0,0,0,0,0,0,1,0,0,0,5,0,0,0,0,1,0,1,1,0,0,0,0,0,0,1,0,0,0,0,0,5,5,0,0,0,0,5,0,0,5,0
Saudi Arabia,5,0,0,0,0,5,0,5,0,0,0,0,1,3,5,1,0,0,1,1,0,0,0,0,0,0,0,1,0,0,0,0,0,5,0,0,0,0,0,0,0,0,0,0,0,0,0,0,0,0,0,0,0,0,5,0,0,1,5,0,0,0,0,0,0,0,0,1,0,0,0,0,0,0,0,0,0,0,0,5,0,1,0,0,0,1,0,0,0,0,0,0,0,0,0,0,0,0,0,0,0,0,0,0,5,0,5,0,1,0,0,0,5,0,0,5,0,0,0,1,0,0,5,0,0,0,5,0,5,0,0,0,0,0,0,0,0,5,0,0,0,0,0,0,0,0,0,0,5,3,0,0,-1,0,0,0,0,0,0,0,0,0,0,1,0,0,0,5,0,0,0,0,0,0,1,1,0,0,0,0,0,0,0,0,0,0,0,0,5,5,0,0,0,0,5,0,0,5,0
Senegal,5,0,0,0,0,5,0,5,0,0,0,0,1,3,5,1,0,0,1,1,0,0,0,0,0,0,0,1,0,0,0,0,0,5,0,0,0,0,0,0,0,0,0,0,0,0,0,0,0,0,0,0,0,0,5,0,0,1,5,0,0,0,0,0,0,0,0,1,0,0,0,0,0,0,0,0,0,0,0,5,0,1,0,0,0,1,0,0,0,0,0,0,0,0,0,0,0,0,0,0,0,0,0,0,5,0,5,0,1,0,0,0,5,0,0,5,0,0,0,1,0,0,5,0,0,0,5,0,5,0,0,0,0,0,0,0,0,5,0,0,0,0,0,0,0,0,0,0,5,3,0,0,0,-1,0,0,0,0,0,0,0,0,0,1,0,0,0,5,0,0,0,0,1,0,1,1,0,0,0,0,0,0,1,0,0,0,0,0,5,5,0,0,0,0,5,0,0,5,0
Serbia,5,0,0,0,0,5,0,5,0,0,0,0,1,3,1,1,0,0,1,1,0,0,0,0,0,0,0,1,0,0,0,0,0,5,0,0,0,0,0,0,0,0,0,0,0,0,0,0,0,0,0,0,0,0,5,0,0,1,5,0,0,0,0,0,0,0,0,1,0,0,0,0,0,0,0,0,0,0,0,5,0,1,0,0,0,0,0,0,0,0,0,0,0,0,0,0,0,0,0,0,0,0,0,0,5,0,5,0,1,0,0,0,5,0,0,5,0,0,0,1,0,0,5,0,0,0,5,0,5,0,0,0,0,0,0,0,0,5,0,0,0,0,0,0,0,0,0,0,5,3,0,0,0,0,-1,0,0,0,0,0,0,0,0,1,0,0,0,5,0,0,0,0,1,0,1,1,0,0,0,0,0,0,1,0,0,0,0,0,5,5,0,0,0,0,0,0,0,5,0
Seychelles,5,0,0,0,0,5,0,5,0,0,0,0,1,3,5,1,0,0,1,1,0,0,0,0,0,0,0,1,0,0,0,0,0,5,0,0,0,0,0,0,0,0,0,0,0,0,0,0,0,0,0,0,0,0,5,0,0,1,5,0,0,0,0,0,0,0,0,1,0,0,0,0,0,0,0,0,0,0,0,5,0,1,0,0,0,1,0,0,0,0,0,0,0,0,0,0,0,0,0,0,0,0,0,0,5,0,5,0,1,0,0,0,5,0,0,5,0,0,0,1,0,0,5,0,0,0,5,0,5,0,0,0,0,0,0,0,0,5,0,0,0,0,0,0,0,0,0,0,5,3,0,0,0,0,0,-1,0,0,0,0,0,0,0,1,0,0,0,5,0,0,0,0,1,0,1,1,0,0,0,0,0,0,1,0,0,0,0,0,5,5,0,0,0,0,5,0,0,5,0
Sierra Leone,5,0,0,0,0,5,0,5,0,0,0,0,1,3,5,1,0,0,1,1,0,0,0,0,0,0,0,1,0,0,0,0,0,5,0,0,0,0,0,0,0,0,0,0,0,0,0,0,0,0,0,0,0,0,5,0,0,1,5,0,0,0,0,0,0,0,0,1,0,0,0,0,0,0,0,0,0,0,0,5,0,1,0,0,0,1,0,0,0,0,0,0,0,0,0,0,0,0,0,0,0,0,0,0,5,0,5,0,1,0,0,0,5,0,0,5,0,0,0,1,0,0,5,0,0,0,5,0,5,0,0,0,0,0,0,0,0,5,0,0,0,0,0,0,0,0,0,0,5,3,0,0,0,0,0,0,-1,0,0,0,0,0,0,1,0,0,0,5,0,0,0,0,1,0,1,1,0,0,0,0,0,0,1,0,0,0,0,0,5,5,0,0,0,0,5,0,0,5,0
Singapore,5,0,0,0,0,0,0,5,0,0,0,0,1,3,5,1,0,0,1,1,0,0,0,0,0,0,0,1,0,0,0,0,0,5,0,0,0,0,0,0,0,0,0,0,0,0,0,0,0,0,0,0,0,0,5,0,0,1,5,0,0,0,0,0,0,0,0,1,0,0,0,0,0,0,0,0,0,0,0,5,0,1,0,0,0,0,0,0,0,0,0,0,0,0,0,0,0,0,0,0,0,0,0,0,5,0,5,0,1,0,0,0,5,0,0,5,0,0,0,1,0,0,5,0,0,0,5,0,5,0,0,0,0,0,0,0,0,5,0,0,0,0,0,0,0,0,0,0,0,0,0,0,0,0,0,0,0,-1,0,0,0,0,0,1,0,0,0,5,0,0,0,0,1,0,1,1,0,0,0,0,0,0,1,0,0,0,0,0,5,5,0,0,0,0,5,0,0,5,0
Slovakia,5,0,0,0,0,0,0,0,0,3,0,0,0,0,1,1,0,0,1,1,0,0,0,0,0,5,0,1,0,0,0,0,0,5,0,0,0,0,0,0,0,0,0,0,0,0,0,0,0,0,0,0,0,0,5,0,0,1,0,0,0,0,0,0,0,0,1,0,0,0,0,0,0,0,0,0,5,0,0,5,0,1,0,0,0,0,0,0,0,0,0,0,0,0,0,0,0,0,0,0,0,0,0,0,5,0,5,0,1,0,0,0,5,0,0,5,0,0,0,1,0,0,5,0,5,0,5,0,5,0,0,1,0,0,0,0,0,5,0,0,0,0,0,0,0,0,0,0,5,3,0,0,0,0,0,0,0,0,-1,0,0,0,0,1,0,5,0,1,0,0,5,5,1,0,1,1,0,0,0,0,0,0,1,0,0,0,0,0,5,0,0,0,0,0,0,0,0,5,0
Slovenia,5,0,0,0,0,0,0,0,0,3,0,0,0,0,1,1,0,0,1,1,0,0,0,0,0,5,0,1,0,0,0,0,0,5,0,0,0,0,0,0,0,0,0,0,0,0,0,0,0,0,0,0,0,0,5,0,0,1,0,0,0,0,0,0,0,0,1,0,0,0,0,0,0,0,0,0,5,0,0,5,0,1,0,0,0,0,0,0,0,0,0,0,0,0,0,0,0,0,0,0,0,0,0,0,5,0,5,0,1,0,0,0,5,0,0,5,0,0,0,1,0,0,5,0,5,0,5,0,5,0,0,1,0,0,0,0,0,5,0,0,0,0,0,0,0,0,0,0,5,3,0,0,0,0,0,0,0,0,0,-1,0,0,0,1,0,5,0,1,0,0,5,5,1,0,1,1,0,0,0,0,0,0,0,0,0,0,0,0,5,0,0,0,0,0,0,0,0,5,0
Solomon Islands,5,0,0,0,0,5,0,5,0,0,0,0,1,3,5,1,0,0,1,1,0,0,0,0,0,0,0,1,0,0,0,0,0,5,0,0,0,0,0,0,0,0,0,0,0,0,0,0,0,0,0,0,0,0,5,0,0,1,5,0,0,0,0,0,0,0,0,1,0,0,0,0,0,0,0,0,0,0,0,5,0,1,0,0,0,1,0,0,0,0,0,0,0,0,0,0,0,0,0,0,0,0,0,0,5,0,5,0,1,0,0,0,5,0,0,5,0,0,0,1,0,0,5,0,0,0,5,0,5,0,0,0,0,0,0,0,0,5,0,0,0,0,0,0,0,0,0,0,5,3,0,0,0,0,0,0,0,0,0,0,-1,0,0,1,0,0,0,5,0,0,0,0,1,0,1,1,0,0,0,0,0,0,1,0,0,0,0,0,5,5,0,0,0,0,5,0,0,5,0
Somalia,5,0,0,0,0,5,0,5,0,0,0,0,1,3,5,1,0,0,1,1,0,0,0,0,0,0,0,1,0,0,0,0,0,5,0,0,0,0,0,0,0,0,0,0,0,0,0,0,0,0,0,0,0,0,5,0,0,1,5,0,0,0,0,0,0,0,0,1,0,0,0,0,0,0,0,0,0,0,0,5,0,1,0,0,0,1,0,0,0,0,0,0,0,0,0,0,0,0,0,0,0,0,0,0,5,0,5,0,1,0,0,0,5,0,0,5,0,0,0,1,0,0,5,0,0,0,5,0,5,0,0,0,0,0,0,0,0,5,0,0,0,0,0,0,0,0,0,0,5,3,0,0,0,0,0,0,0,0,0,0,0,-1,0,1,0,0,0,5,0,0,0,0,1,0,1,1,0,0,0,0,0,0,1,0,0,0,0,0,5,5,0,0,0,0,5,0,0,5,0
South Africa,5,0,0,0,0,5,0,5,0,0,0,0,1,3,5,1,0,0,1,1,0,0,0,0,0,0,0,1,0,0,0,0,0,5,0,0,0,0,0,0,0,0,0,0,0,0,0,0,0,0,0,0,0,0,5,0,0,1,5,0,0,0,0,0,0,0,0,1,0,0,0,0,0,0,0,0,0,0,0,5,0,1,0,0,0,1,0,0,0,0,0,0,0,0,0,0,0,0,0,0,0,0,0,0,5,0,5,0,1,0,0,0,5,0,0,5,0,0,0,1,0,0,5,0,0,0,5,0,5,0,0,0,0,0,0,0,0,5,0,0,0,0,0,0,0,0,0,0,5,3,0,0,0,0,0,0,0,0,0,0,0,0,-1,1,0,0,0,5,0,0,0,0,1,0,1,1,0,0,0,0,0,0,1,0,0,0,0,0,5,5,0,0,0,0,5,0,0,5,0
South Korea,5,0,0,0,0,0,0,0,0,0,0,0,1,3,1,1,0,0,1,1,0,0,0,0,0,0,0,1,0,0,0,0,0,5,0,0,0,0,0,0,0,0,0,0,0,0,0,0,0,0,0,0,0,0,1,0,0,1,0,0,0,0,0,0,0,0,0,0,0,0,0,0,0,0,0,0,0,0,0,5,0,1,0,0,0,0,0,0,0,0,0,0,0,0,0,0,0,0,0,0,0,0,0,0,5,0,0,0,1,0,0,0,5,0,0,5,0,0,0,1,0,0,0,0,0,0,5,0,0,0,0,0,0,0,0,0,0,0,0,0,0,0,0,0,0,0,0,0,0,0,0,0,0,0,0,0,0,0,0,0,0,0,0,-1,0,0,0,5,0,0,0,0,0,0,1,1,0,0,0,0,0,0,0,0,0,0,0,0,5,5,0,0,0,0,5,0,0,5,0
South Sudan,5,0,0,0,0,5,0,5,0,0,0,0,1,3,5,1,0,0,1,1,0,0,0,0,0,0,0,1,0,0,0,0,0,5,0,0,0,0,0,0,0,0,0,0,0,0,0,0,0,0,0,0,0,0,5,0,0,1,5,0,0,0,0,0,0,0,0,1,0,0,0,0,0,0,0,0,0,0,0,5,0,1,0,0,0,1,0,0,0,0,0,0,0,0,0,0,0,0,0,0,0,0,0,0,5,0,5,0,1,0,0,0,5,0,0,5,0,0,0,1,0,0,5,0,0,0,5,0,5,0,0,0,0,0,0,0,0,5,0,0,0,0,0,0,0,0,0,0,5,3,0,0,0,0,0,0,0,0,0,0,0,0,0,1,-1,0,0,5,0,0,0,0,1,0,1,1,0,0,0,0,0,0,1,0,0,0,0,0,5,5,0,0,0,0,5,0,0,5,0
Spain,5,0,0,5,0,0,0,0,0,3,0,0,0,0,1,1,0,0,1,1,0,0,0,0,0,0,0,1,0,0,0,0,0,5,0,0,0,0,0,0,0,0,0,0,0,0,0,0,0,0,0,0,0,0,5,0,0,1,0,0,0,0,0,0,0,0,1,0,0,0,0,0,0,0,0,0,5,0,0,5,0,1,0,0,0,0,0,0,0,0,0,0,0,0,0,0,0,0,0,0,0,0,0,0,5,0,5,0,1,0,0,0,5,0,0,5,0,0,0,1,0,0,5,0,5,0,5,0,0,0,0,1,0,0,0,0,0,5,0,0,0,0,0,0,0,0,0,0,5,0,0,0,0,0,0,0,0,0,0,0,0,0,0,1,0,-1,0,1,0,0,5,0,0,0,1,1,0,0,0,0,0,0,0,0,0,0,0,0,5,0,0,0,0,0,0,0,0,5,0
Sri Lanka,5,0,0,0,0,5,0,5,0,0,0,0,1,3,5,1,0,0,1,1,0,0,0,0,0,0,0,1,0,0,0,0,0,5,0,0,0,0,0,0,0,0,0,0,0,0,0,0,0,0,0,0,0,0,5,0,0,1,5,0,0,0,0,0,0,0,0,1,0,0,0,0,0,0,0,0,0,0,0,5,0,1,0,0,0,1,0,0,0,0,0,0,0,0,0,0,0,0,0,0,0,0,0,0,5,0,5,0,1,0,0,0,5,0,0,5,0,0,0,1,0,0,5,0,0,0,5,0,5,0,0,0,0,0,0,0,0,5,0,0,0,0,0,0,0,0,0,0,5,3,0,0,0,0,0,0,0,0,0,0,0,0,0,1,0,0,-1,5,0,0,0,0,1,0,1,1,0,0,0,0,0,0,0,0,0,0,0,0,5,5,0,0,0,0,5,0,0,5,0
Saint Vincent and the Grenadines,5,0,0,0,0,5,0,5,0,0,0,0,1,3,5,1,0,0,1,1,0,0,0,0,0,0,0,1,0,0,0,0,0,5,0,0,0,0,0,0,0,0,0,0,0,0,0,0,0,0,0,0,0,0,5,0,0,1,5,0,0,0,0,0,0,0,0,1,0,0,0,0,0,0,0,0,0,0,0,5,0,1,0,0,0,1,0,0,0,0,0,0,0,0,0,0,0,0,0,0,0,0,0,0,5,0,5,0,1,0,0,0,5,0,0,5,0,0,0,1,0,0,5,0,0,0,5,0,5,0,0,0,0,0,0,0,0,5,0,0,0,0,0,0,0,0,0,0,5,3,0,0,0,0,0,0,0,0,0,0,0,0,0,1,0,0,0,-1,0,0,0,0,1,0,1,1,0,0,0,0,0,0,1,0,0,0,0,0,5,5,0,0,0,0,5,0,0,5,0
Sudan,5,0,0,0,0,5,0,5,0,0,0,0,1,3,5,1,0,0,1,1,0,0,0,0,0,0,0,1,0,0,0,0,0,5,0,0,0,0,0,0,0,0,0,0,0,0,0,0,0,0,0,0,0,0,5,0,0,1,5,0,0,0,0,0,0,0,0,1,0,0,0,0,0,0,0,0,0,0,0,5,0,1,0,0,0,1,0,0,0,0,0,0,0,0,0,0,0,0,0,0,0,0,0,0,5,0,5,0,1,0,0,0,5,0,0,5,0,0,0,1,0,0,5,0,0,0,5,0,5,0,0,0,0,0,0,0,0,5,0,0,0,0,0,0,0,0,0,0,5,3,0,0,0,0,0,0,0,0,0,0,0,0,0,1,0,0,0,5,-1,0,0,0,1,0,1,1,0,0,0,0,0,0,0,0,0,0,0,0,5,5,0,0,0,0,5,0,0,5,0
Suriname,5,0,0,0,0,5,0,5,0,0,0,0,1,3,5,1,0,0,1,1,0,0,0,0,0,0,0,1,0,0,0,0,0,5,0,0,0,0,0,0,0,0,0,0,0,0,0,0,0,0,0,0,0,0,5,0,0,1,5,0,0,0,0,0,0,0,0,1,0,0,0,0,0,0,0,0,0,0,0,5,0,1,0,0,0,1,0,0,0,0,0,0,0,0,0,0,0,0,0,0,0,0,0,0,5,0,5,0,1,0,0,0,5,0,0,5,0,0,0,1,0,0,5,0,0,0,5,0,5,0,0,0,0,0,0,0,0,5,0,0,0,0,0,0,0,0,0,0,5,3,0,0,0,0,0,0,0,0,0,0,0,0,0,1,0,0,0,5,0,-1,0,0,1,0,1,1,0,0,0,0,0,0,1,0,0,0,0,0,5,5,0,0,0,0,5,0,0,5,0
Sweden,5,0,0,0,0,0,0,0,0,3,0,0,0,0,1,1,0,0,1,1,0,0,0,0,0,5,0,1,0,0,0,0,0,5,0,0,0,0,0,0,0,0,0,0,0,0,0,0,0,0,0,0,0,0,5,0,0,1,0,0,0,0,0,0,0,0,1,0,0,0,0,0,0,0,0,0,5,0,0,5,0,1,0,0,0,0,0,0,0,0,0,0,0,0,0,0,0,0,0,0,0,0,0,0,5,0,5,0,1,0,0,0,5,0,0,5,0,0,0,1,0,0,5,0,5,0,5,0,5,0,0,1,0,0,0,0,0,5,0,0,0,0,0,0,0,0,0,0,5,0,0,0,0,0,0,0,0,0,0,0,0,0,0,1,0,5,0,1,0,0,-1,5,0,0,1,1,0,0,0,0,0,0,0,0,0,0,0,0,5,0,0,0,0,0,0,0,0,5,0
Switzerland,5,0,0,0,0,5,0,0,0,3,0,0,0,3,1,1,0,0,1,1,0,0,0,0,0,0,0,1,0,0,0,0,0,5,0,0,0,0,0,0,0,0,0,0,0,0,0,0,0,0,0,0,0,0,5,0,0,1,5,0,0,0,0,0,0,0,1,1,0,0,0,0,0,0,0,0,5,0,0,5,0,1,0,0,0,0,0,0,0,0,0,0,0,0,0,0,0,0,0,5,0,0,0,0,5,0,5,0,1,0,0,0,5,0,0,5,0,0,0,1,0,0,5,0,5,0,5,0,0,0,0,1,0,0,0,0,0,5,0,0,0,0,0,0,0,0,0,0,5,0,0,0,0,0,0,0,0,0,0,0,0,0,0,1,0,5,0,5,0,0,5,-1,1,0,1,1,0,0,0,0,0,0,0,0,0,0,0,0,5,0,0,0,0,0,0,0,0,5,0
Syria,5,0,0,0,0,5,0,5,0,0,0,0,1,3,5,1,0,0,1,1,0,0,0,0,0,0,0,1,0,0,0,0,0,5,0,0,0,0,0,0,0,0,0,0,0,0,0,0,0,0,0,0,0,0,5,0,0,1,5,0,0,0,0,0,0,0,0,1,0,0,0,0,0,0,0,0,0,0,0,5,0,1,0,0,0,1,0,0,0,0,0,0,0,0,0,0,0,0,0,0,0,0,0,0,5,0,5,0,1,0,0,0,5,0,0,5,0,0,0,1,0,0,5,0,0,0,5,0,5,0,0,0,0,0,0,0,0,5,0,0,0,0,0,0,0,0,0,0,5,3,0,0,0,0,0,0,0,0,0,0,0,0,0,1,0,0,0,5,0,0,0,0,-1,0,1,1,0,0,0,0,0,0,1,0,0,0,0,0,5,5,0,0,0,0,5,0,0,5,0
Taiwan,5,0,0,0,0,5,0,5,0,0,0,0,1,3,5,1,0,0,1,1,0,0,0,0,0,0,0,1,0,0,0,0,0,5,0,0,0,0,0,0,0,0,0,0,0,0,0,0,0,0,0,0,0,0,5,0,0,1,5,0,0,0,0,0,0,0,0,1,0,0,0,0,0,0,0,0,0,0,0,5,0,1,0,0,0,0,0,0,0,0,0,0,0,0,0,0,0,0,0,0,0,0,5,0,5,0,5,0,1,0,0,0,5,0,0,5,0,0,0,1,0,0,5,0,0,0,5,0,5,0,0,0,0,0,0,0,0,5,0,0,0,0,0,0,0,0,0,0,5,0,0,0,0,0,0,0,0,0,0,0,0,0,0,1,0,0,0,5,0,0,0,0,1,-1,1,1,0,0,0,0,0,0,0,0,0,0,0,0,5,5,0,0,0,0,5,0,0,5,0
Tajikistan,5,0,0,0,0,5,0,5,0,0,0,0,1,3,5,1,0,0,1,1,0,0,0,0,0,0,0,1,0,0,0,0,0,5,0,0,0,0,0,0,0,0,0,0,0,0,0,0,0,0,0,0,0,0,5,0,0,1,5,0,0,0,0,0,0,0,0,1,0,0,0,0,0,0,0,0,0,0,0,5,0,1,0,0,0,1,0,0,0,0,0,0,0,0,0,0,0,0,0,0,0,0,0,0,5,0,5,0,1,0,0,0,5,0,0,5,0,0,0,1,0,0,5,0,0,0,5,0,5,0,0,0,0,0,0,0,0,5,0,0,0,0,0,0,0,0,0,0,5,3,0,0,0,0,0,0,0,0,0,0,0,0,0,1,0,0,0,5,0,0,0,0,1,0,-1,1,0,0,0,0,0,0,1,0,0,0,0,0,5,5,0,0,0,0,5,0,0,5,0
Tanzania,5,0,0,0,0,5,0,5,0,0,0,0,1,3,5,1,0,0,1,1,0,0,0,0,0,0,0,1,0,0,0,0,0,5,0,0,0,0,0,0,0,0,0,0,0,0,0,0,0,0,0,0,0,0,5,0,0,1,5,0,0,0,0,0,0,0,0,1,0,0,0,0,0,0,0,0,0,0,0,5,0,1,0,0,0,1,0,0,0,0,0,0,0,0,0,0,0,0,0,0,0,0,0,0,5,0,5,0,1,0,0,0,5,0,0,5,0,0,0,1,0,0,5,0,0,0,5,0,5,0,0,0,0,0,0,0,0,5,0,0,0,0,0,0,0,0,0,0,5,3,0,0,0,0,0,0,0,0,0,0,0,0,0,1,0,0,0,5,0,0,0,0,1,0,1,-1,0,0,0,0,0,0,1,0,0,0,0,0,5,5,0,0,0,0,5,0,0,5,0
Thailand,5,0,0,0,0,5,0,5,0,0,0,0,1,3,5,1,0,0,1,1,0,0,0,0,0,0,0,1,0,0,0,0,0,5,0,0,0,0,0,0,0,0,0,0,0,0,0,0,0,0,0,0,0,0,5,0,0,1,5,0,0,0,0,0,0,0,0,1,0,0,0,0,0,0,0,0,0,0,0,5,0,1,0,0,0,0,0,0,0,0,0,0,0,0,0,0,0,0,0,0,0,0,0,0,5,0,5,0,1,0,0,0,5,0,0,5,0,0,0,1,0,0,5,0,0,0,5,0,5,0,0,0,0,0,0,0,0,5,0,0,0,0,0,0,0,0,0,0,5,0,0,0,0,0,0,0,0,0,0,0,0,0,0,1,0,0,0,5,0,0,0,0,1,0,1,1,-1,0,0,0,0,0,1,0,0,0,0,0,5,5,0,0,0,0,5,0,0,5,0
Timor-Leste,5,0,0,0,0,5,0,5,0,0,0,0,1,3,5,1,0,0,1,1,0,0,0,0,0,0,0,1,0,0,0,0,0,5,0,0,0,0,0,0,0,0,0,0,0,0,0,0,0,0,0,0,0,0,5,0,0,1,5,0,0,0,0,0,0,0,0,1,0,0,0,0,0,0,0,0,0,0,0,5,0,1,0,0,0,1,0,0,0,0,0,0,0,0,0,0,0,0,0,0,0,0,0,0,5,0,5,0,1,0,0,0,5,0,0,5,0,0,0,1,0,0,5,0,0,0,5,0,5,0,0,0,0,0,0,0,0,5,0,0,0,0,0,0,0,0,0,0,5,3,0,0,0,0,0,0,0,0,0,0,0,0,0,1,0,0,0,5,0,0,0,0,1,0,1,1,0,-1,0,0,0,0,1,0,0,0,0,0,5,5,0,0,0,0,5,0,0,5,0
Togo,5,0,0,0,0,5,0,5,0,0,0,0,1,3,5,1,0,0,1,1,0,0,0,0,0,0,0,1,0,0,0,0,0,5,0,0,0,0,0,0,0,0,0,0,0,0,0,0,0,0,0,0,0,0,5,0,0,1,5,0,0,0,0,0,0,0,0,1,0,0,0,0,0,0,0,0,0,0,0,5,0,1,0,0,0,1,0,0,0,0,0,0,0,0,0,0,0,0,0,0,0,0,0,0,5,0,5,0,1,0,0,0,5,0,0,5,0,0,0,1,0,0,5,0,0,0,5,0,5,0,0,0,0,0,0,0,0,5,0,0,0,0,0,0,0,0,0,0,5,3,0,0,0,0,0,0,0,0,0,0,0,0,0,1,0,0,0,5,0,0,0,0,1,0,1,1,0,0,-1,0,0,0,1,0,0,0,0,0,5,5,0,0,0,0,5,0,0,5,0
Tonga,5,0,0,0,0,5,0,5,0,0,0,0,1,3,5,1,0,0,1,1,0,0,0,0,0,0,0,1,0,0,0,0,0,5,0,0,0,0,0,0,0,0,0,0,0,0,0,0,0,0,0,0,0,0,5,0,0,1,5,0,0,0,0,0,0,0,0,1,0,0,0,0,0,0,0,0,0,0,0,5,0,1,0,0,0,1,0,0,0,0,0,0,0,0,0,0,0,0,0,0,0,0,0,0,5,0,5,0,1,0,0,0,5,0,0,5,0,0,0,1,0,0,5,0,0,0,5,0,5,0,0,0,0,0,0,0,0,5,0,0,0,0,0,0,0,0,0,0,5,3,0,0,0,0,0,0,0,0,0,0,0,0,0,1,0,0,0,5,0,0,0,0,1,0,1,1,0,0,0,-1,0,0,1,0,0,0,0,0,5,5,0,0,0,0,5,0,0,5,0
Trinidad and Tobago,5,0,0,0,0,5,0,5,0,0,0,0,1,3,5,1,0,0,1,1,0,0,0,0,0,0,0,1,0,0,0,0,0,5,0,0,0,0,0,0,0,0,0,0,0,0,0,0,0,0,0,0,0,0,5,0,0,1,5,0,0,0,0,0,0,0,0,1,0,0,0,0,0,0,0,0,0,0,0,5,0,1,0,0,0,1,0,0,0,0,0,0,0,0,0,0,0,0,0,0,0,0,0,0,5,0,5,0,1,0,0,0,5,0,0,5,0,0,0,1,0,0,5,0,0,0,5,0,5,0,0,0,0,0,0,0,0,5,0,0,0,0,0,0,0,0,0,0,5,3,0,0,0,0,0,0,0,0,0,0,0,0,0,1,0,0,0,5,0,0,0,0,1,0,1,1,0,0,0,0,-1,0,1,0,0,0,0,0,5,5,0,0,0,0,5,0,0,5,0
Tunisia,5,0,0,0,0,5,0,5,0,0,0,0,1,3,5,1,0,0,1,1,0,0,0,0,0,0,0,1,0,0,0,0,0,5,0,0,0,0,0,0,0,0,0,0,0,0,0,0,0,0,0,0,0,0,5,0,0,1,5,0,0,0,0,0,0,0,0,1,0,0,0,0,0,0,0,0,0,0,0,5,0,1,0,0,0,1,0,0,0,0,0,0,0,0,0,0,0,0,0,0,0,0,0,0,5,0,5,0,1,0,0,0,5,0,0,5,0,0,0,1,0,0,5,0,0,0,5,0,5,0,0,0,0,0,0,0,0,5,0,0,0,0,0,0,0,0,0,0,5,3,0,0,0,0,0,0,0,0,0,0,0,0,0,1,0,0,0,5,0,0,0,0,0,0,1,1,0,0,0,0,0,-1,0,0,0,0,0,0,5,5,0,0,0,0,5,0,0,5,0
Turkey,5,0,0,0,0,5,0,0,0,0,0,0,1,3,5,1,0,0,1,1,0,0,0,0,0,0,0,1,0,0,0,0,0,5,0,0,0,0,0,0,0,0,0,0,0,0,0,0,0,0,0,0,0,0,5,0,0,1,5,0,0,0,0,0,0,0,0,1,0,0,0,0,0,0,0,0,0,0,0,5,0,1,0,0,0,0,0,0,0,0,0,0,0,0,0,0,0,0,0,0,0,0,0,0,5,0,5,0,1,0,0,0,5,0,0,5,0,0,0,1,0,0,5,0,0,0,5,0,5,0,0,0,0,0,0,0,0,5,0,0,0,0,0,0,0,0,0,0,5,3,0,0,0,0,0,0,0,0,0,0,0,0,0,1,0,0,0,5,0,0,0,0,1,0,1,1,0,0,0,0,0,0,-1,0,0,0,0,0,5,5,0,0,0,0,5,0,0,5,0
Turkmenistan,5,0,0,0,0,5,0,5,0,0,0,0,1,3,5,1,0,0,1,1,0,0,0,0,0,0,0,1,0,0,0,0,0,5,0,0,0,0,0,0,0,0,0,0,0,0,0,0,0,0,0,0,0,0,5,0,0,1,5,0,0,0,0,0,0,0,0,1,0,0,0,0,0,0,0,0,0,0,0,5,0,1,0,0,0,1,0,0,0,0,0,0,0,0,0,0,0,0,0,0,0,0,0,0,5,0,5,0,1,0,0,0,5,0,0,5,0,0,0,1,0,0,5,0,0,0,5,0,5,0,0,0,0,0,0,0,0,5,0,0,0,0,0,0,0,0,0,0,5,3,0,0,0,0,0,0,0,0,0,0,0,0,0,1,0,0,0,5,0,0,0,0,1,0,1,1,0,0,0,0,0,0,1,-1,0,0,0,0,5,5,0,0,0,0,5,0,0,5,0
Tuvalu,5,0,0,0,0,5,0,5,0,0,0,0,1,3,5,1,0,0,1,1,0,0,0,0,0,0,0,1,0,0,0,0,0,5,0,0,0,0,0,0,0,0,0,0,0,0,0,0,0,0,0,0,0,0,5,0,0,1,5,0,0,0,0,0,0,0,0,1,0,0,0,0,0,0,0,0,0,0,0,5,0,1,0,0,0,1,0,0,0,0,0,0,0,0,0,0,0,0,0,0,0,0,0,0,5,0,5,0,1,0,0,0,5,0,0,5,0,0,0,1,0,0,5,0,0,0,5,0,5,0,0,0,0,0,0,0,0,5,0,0,0,0,0,0,0,0,0,0,5,3,0,0,0,0,0,0,0,0,0,0,0,0,0,1,0,0,0,5,0,0,0,0,1,0,1,1,0,0,0,0,0,0,1,0,-1,0,0,0,5,5,0,0,0,0,5,0,0,5,0
Uganda,5,0,0,0,0,5,0,5,0,0,0,0,1,3,5,1,0,0,1,1,0,0,0,0,0,0,0,1,0,0,0,0,0,5,0,0,0,0,0,0,0,0,0,0,0,0,0,0,0,0,0,0,0,0,5,0,0,1,5,0,0,0,0,0,0,0,0,1,0,0,0,0,0,0,0,0,0,0,0,5,0,1,0,0,0,1,0,0,0,0,0,0,0,0,0,0,0,0,0,0,0,0,0,0,5,0,5,0,1,0,0,0,5,0,0,5,0,0,0,1,0,0,5,0,0,0,5,0,5,0,0,0,0,0,0,0,0,5,0,0,0,0,0,0,0,0,0,0,5,3,0,0,0,0,0,0,0,0,0,0,0,0,0,1,0,0,0,5,0,0,0,0,1,0,1,1,0,0,0,0,0,0,1,0,0,-1,0,0,5,5,0,0,0,0,5,0,0,5,0
Ukraine,5,0,0,0,0,5,0,5,0,0,0,0,1,3,1,1,0,0,1,1,0,0,0,0,0,0,0,1,0,0,0,0,0,5,0,0,0,0,0,0,0,0,0,0,0,0,0,0,0,0,0,0,0,0,5,0,0,1,5,0,0,0,0,0,0,0,0,1,0,0,0,0,0,0,0,0,0,0,0,5,0,1,0,0,0,1,0,0,0,0,0,0,0,0,0,0,0,0,0,0,0,0,0,0,5,0,5,0,1,0,0,0,5,0,0,5,0,0,0,1,0,0,5,0,0,0,5,0,5,0,0,0,0,0,0,0,0,5,0,0,0,0,0,0,0,0,0,0,5,3,0,0,0,0,0,0,0,0,0,0,0,0,0,1,0,0,0,5,0,0,0,0,1,0,1,1,0,0,0,0,0,0,0,0,0,0,-1,0,5,5,0,0,0,0,5,0,0,5,0
United Arab Emirates,5,0,0,0,0,5,0,5,0,0,0,0,1,3,5,1,0,0,1,1,0,0,0,0,0,0,0,1,0,0,0,0,0,5,0,0,0,0,0,0,0,0,0,0,0,0,0,0,0,0,0,0,0,0,5,0,0,1,5,0,0,0,0,0,0,0,0,1,0,0,0,0,0,0,0,0,0,0,0,5,0,1,0,0,0,1,0,0,0,0,0,0,0,0,0,0,0,0,0,0,0,0,0,0,5,0,5,0,1,0,0,0,5,0,0,5,0,0,0,1,0,0,5,0,0,0,5,0,5,0,0,0,0,0,0,0,0,5,0,0,0,0,0,0,0,0,0,0,5,0,0,0,0,0,0,0,0,0,0,0,0,0,0,1,0,0,0,5,0,0,0,0,0,0,1,1,0,0,0,0,0,0,0,0,0,0,0,-1,5,5,0,0,0,0,5,0,0,5,0
United Kingdom,5,0,0,0,0,5,0,0,0,3,0,0,0,3,1,1,0,0,1,1,0,0,0,0,0,0,0,1,0,0,0,0,0,5,0,0,0,0,0,0,0,0,0,0,0,0,0,0,0,0,0,0,0,0,5,0,0,1,5,0,0,0,0,0,0,0,0,1,0,0,0,0,0,0,0,0,0,0,0,5,0,1,0,0,0,0,0,0,0,0,0,0,0,0,0,0,0,0,0,0,0,0,0,0,5,0,0,0,1,0,0,0,5,0,0,5,0,0,0,1,0,0,5,0,5,0,5,0,0,0,0,1,0,0,0,0,0,5,0,0,0,0,0,0,0,0,0,0,0,3,0,0,0,0,0,0,0,0,0,0,0,0,0,1,0,0,0,5,0,0,5,0,1,0,1,1,0,0,0,0,0,0,1,0,0,0,0,0,-1,0,0,0,0,0,0,0,0,5,0
United States,5,0,0,0,0,0,0,0,0,0,0,0,0,3,1,1,0,0,1,1,0,0,0,0,0,0,0,1,0,0,5,0,0,5,0,0,0,0,0,0,0,0,0,0,0,0,0,0,0,0,0,0,0,0,5,0,0,1,5,0,0,0,0,0,0,0,0,1,0,0,0,0,0,0,0,0,0,0,0,5,0,1,0,0,0,0,0,0,0,0,0,0,0,0,0,0,0,0,0,0,0,0,0,0,5,0,5,0,1,0,0,0,5,0,0,5,0,0,0,1,0,0,5,0,0,0,5,0,0,0,0,0,0,0,0,0,0,5,0,0,0,0,0,0,0,0,0,0,5,0,0,0,0,0,0,0,0,0,0,0,0,0,0,1,0,0,0,5,0,0,0,0,0,0,1,1,0,0,0,0,0,0,1,0,0,0,0,0,5,-1,0,0,0,0,5,0,0,5,0
Uruguay,5,0,0,0,0,5,0,5,0,0,0,0,1,3,5,1,0,0,1,1,0,0,0,0,0,0,0,1,0,0,0,0,0,5,0,0,0,0,0,0,0,0,0,0,0,0,0,0,0,0,0,0,0,0,5,0,0,1,5,0,0,0,0,0,0,0,0,1,0,0,0,0,0,0,0,0,0,0,0,5,0,1,0,0,0,1,0,0,0,0,0,0,0,0,0,0,0,0,0,0,0,0,0,0,5,0,5,0,1,0,0,0,5,0,0,5,0,0,0,1,0,0,5,0,0,0,5,0,5,0,0,0,0,0,0,0,0,5,0,0,0,0,0,0,0,0,0,0,5,3,0,0,0,0,0,0,0,0,0,0,0,0,0,1,0,0,0,5,0,0,0,0,1,0,1,1,0,0,0,0,0,0,1,0,0,0,0,0,5,5,-1,0,0,0,5,0,0,5,0
Uzbekistan,5,0,0,0,0,5,0,5,0,0,0,0,1,3,5,1,0,0,1,1,0,0,0,0,0,0,0,1,0,0,0,0,0,5,0,0,0,0,0,0,0,0,0,0,0,0,0,0,0,0,0,0,0,0,5,0,0,1,5,0,0,0,0,0,0,0,0,1,0,0,0,0,0,0,0,0,0,0,0,5,0,1,0,0,0,1,0,0,0,0,0,0,0,0,0,0,0,0,0,0,0,0,0,0,5,0,5,0,1,0,0,0,5,0,0,5,0,0,0,1,0,0,5,0,0,0,5,0,5,0,0,0,0,0,0,0,0,5,0,0,0,0,0,0,0,0,0,0,5,3,0,0,0,0,0,0,0,0,0,0,0,0,0,1,0,0,0,5,0,0,0,0,1,0,1,1,0,0,0,0,0,0,0,0,0,0,0,0,5,5,0,-1,0,0,5,0,0,5,0
Vanuatu,5,0,0,0,0,5,0,5,0,0,0,0,1,3,5,1,0,0,1,1,0,0,0,0,0,0,0,1,0,0,0,0,0,5,0,0,0,0,0,0,0,0,0,0,0,0,0,0,0,0,0,0,0,0,5,0,0,1,5,0,0,0,0,0,0,0,0,1,0,0,0,0,0,0,0,0,0,0,0,5,0,1,0,0,0,1,0,0,0,0,0,0,0,0,0,0,0,0,0,0,0,0,0,0,5,0,5,0,1,0,0,0,5,0,0,5,0,0,0,1,0,0,5,0,0,0,5,0,5,0,0,0,0,0,0,0,0,5,0,0,0,0,0,0,0,0,0,0,5,3,0,0,0,0,0,0,0,0,0,0,0,0,0,1,0,0,0,5,0,0,0,0,1,0,1,1,0,0,0,0,0,0,1,0,0,0,0,0,5,5,0,0,-1,0,5,0,0,5,0
Vatican,5,0,0,0,0,5,0,5,0,0,0,0,1,3,1,1,0,0,1,1,0,0,0,0,0,0,0,1,0,0,0,0,0,5,0,0,0,0,0,0,0,0,0,0,0,0,0,0,0,0,0,0,0,0,5,0,0,1,5,0,0,0,0,0,0,0,0,1,0,0,0,0,0,0,0,0,0,0,0,5,0,1,0,0,0,0,0,0,0,0,0,0,0,0,0,0,0,0,0,0,0,0,0,0,5,0,5,0,1,0,0,0,5,0,0,5,0,0,0,1,0,0,5,0,0,0,5,0,5,0,0,0,0,0,0,0,0,5,0,0,0,0,0,0,0,0,0,0,5,3,0,0,0,0,0,0,0,0,0,0,0,0,0,1,0,0,0,5,0,0,0,0,1,0,1,1,0,0,0,0,0,0,1,0,0,0,0,0,5,5,0,0,0,-1,0,0,0,5,0
Venezuela,5,0,0,0,0,5,0,5,0,0,0,0,1,3,5,1,0,0,1,1,0,0,0,0,0,0,0,1,0,0,0,0,0,5,0,0,0,0,0,0,0,0,0,0,0,0,0,0,0,0,0,0,0,0,5,0,0,1,5,0,0,0,0,0,0,0,0,1,0,0,0,0,0,0,0,0,0,0,0,5,0,1,0,0,0,1,0,0,0,0,0,0,0,0,0,0,0,0,0,0,0,0,0,0,5,0,5,0,1,0,0,0,5,0,0,5,0,0,0,1,0,0,5,0,0,0,5,0,5,0,0,0,0,0,0,0,0,5,0,0,0,0,0,0,0,0,0,0,5,3,0,0,0,0,0,0,0,0,0,0,0,0,0,1,0,0,0,5,0,0,0,0,1,0,1,1,0,0,0,0,0,0,1,0,0,0,0,0,5,5,0,0,0,0,-1,0,0,5,0
Viet Nam,5,0,0,0,0,5,0,5,0,0,0,0,1,3,5,1,0,0,1,1,0,0,0,0,0,0,0,1,0,0,0,0,0,5,0,0,0,0,0,0,0,0,0,0,0,0,0,0,0,0,0,0,0,0,5,0,0,1,5,0,0,0,0,0,0,0,0,1,0,0,0,0,0,0,0,0,0,0,0,5,0,1,0,0,0,0,0,0,0,0,0,0,0,0,0,0,0,0,0,0,0,0,0,0,5,0,5,0,1,0,0,0,5,0,0,5,0,0,0,1,0,0,5,0,0,0,5,0,5,0,0,0,0,0,0,0,0,5,0,0,0,0,0,0,0,0,0,0,5,3,0,0,0,0,0,0,0,0,0,0,0,0,0,1,0,0,0,5,0,0,0,0,1,0,1,1,0,0,0,0,0,0,1,0,0,0,0,0,5,5,0,0,0,0,5,-1,0,5,0
Yemen,5,0,0,0,0,5,0,5,0,0,0,0,1,3,5,1,0,0,1,1,0,0,0,0,0,0,0,1,0,0,0,0,0,5,0,0,0,0,0,0,0,0,0,0,0,0,0,0,0,0,0,0,0,0,5,0,0,1,5,0,0,0,0,0,0,0,0,1,0,0,0,0,0,0,0,0,0,0,0,5,0,1,0,0,0,1,0,0,0,0,0,0,0,0,0,0,0,0,0,0,0,0,0,0,5,0,5,0,1,0,0,0,5,0,0,5,0,0,0,1,0,0,5,0,0,0,5,0,5,0,0,0,0,0,0,0,0,5,0,0,0,0,0,0,0,0,0,0,5,3,0,0,0,0,0,0,0,0,0,0,0,0,0,1,0,0,0,5,0,0,0,0,1,0,1,1,0,0,0,0,0,0,1,0,0,0,0,0,5,5,0,0,0,0,5,0,-1,5,0
Zambia,5,0,0,0,0,5,0,5,0,0,0,0,1,3,5,1,0,0,1,1,0,0,0,0,0,0,0,1,0,0,0,0,0,5,0,0,0,0,0,0,0,0,0,0,0,0,0,0,0,0,0,0,0,0,5,0,0,1,5,0,0,0,0,0,0,0,0,1,0,0,0,0,0,0,0,0,0,0,0,5,0,1,0,0,0,1,0,0,0,0,0,0,0,0,0,0,0,0,0,0,0,0,0,0,5,0,5,0,1,0,0,0,5,0,0,5,0,0,0,1,0,0,5,0,0,0,5,0,5,0,0,0,0,0,0,0,0,5,0,0,0,0,0,0,0,0,0,0,5,3,0,0,0,0,0,0,0,0,0,0,0,0,0,1,0,0,0,5,0,0,0,0,1,0,1,1,0,0,0,0,0,0,1,0,0,0,0,0,5,5,0,0,0,0,5,0,0,-1,0
Zimbabwe,5,0,0,0,0,5,0,5,0,0,0,0,1,3,5,1,0,0,1,1,0,0,0,0,0,0,0,1,0,0,0,0,0,5,0,0,0,0,0,0,0,0,0,0,0,0,0,0,0,0,0,0,0,0,5,0,0,1,5,0,0,0,0,0,0,0,0,1,0,0,0,0,0,0,0,0,0,0,0,5,0,1,0,0,0,1,0,0,0,0,0,0,0,0,0,0,0,0,0,0,0,0,0,0,5,0,5,0,1,0,0,0,5,0,0,5,0,0,0,1,0,0,5,0,0,0,5,0,5,0,0,0,0,0,0,0,0,5,0,0,0,0,0,0,0,0,0,0,5,3,0,0,0,0,0,0,0,0,0,0,0,0,0,1,0,0,0,5,0,0,0,0,1,0,1,1,0,0,0,0,0,0,1,0,0,0,0,0,5,5,0,0,0,0,5,0,0,5,-1
